Temperatura_Â°C,Tempo_de_reacao_min,Velocidade_agitacao_rpm,Concentracao_soluto_%,pH_final,Umidade_%,Tipo_aditivo,Viscosidade_final_cP
77.48,38.2,770,5.77,6.48,1.66,B,4670.3
74.31,43.6,895,6.74,6.25,1.85,B,5163.8
78.24,37.1,903,6.12,6.41,1.7,B,4927.3
82.62,41.9,971,6.9,6.86,2.06,A,4724.6
73.83,26.1,695,7.57,7.14,2.6,D,4885.4
73.83,47.1,989,9.67,6.79,1.61,B,6581.5
82.9,45.0,494,7.36,6.55,2.5,B,5878.9
78.84,36.8,806,4.83,7.25,1.61,D,4213.2
72.65,51.6,827,10.28,6.34,1.58,A,7390.3
77.71,54.4,995,6.33,7.02,2.41,A,4915.2
72.68,28.9,903,7.88,6.36,2.46,C,5125.4
72.67,37.4,689,8.89,6.72,2.43,B,5937.7
76.21,37.3,752,8.4,6.44,1.34,C,6378.9
65.43,35.6,930,10.19,6.47,1.77,B,7354.5
66.38,53.3,888,8.96,6.31,2.41,A,7286.8
72.19,43.1,813,6.28,7.17,2.02,B,5503.8
69.94,42.4,828,12.36,6.13,1.46,A,7920.7
76.57,25.0,1004,8.39,6.13,2.23,C,6053.6
70.46,51.4,822,7.71,7.56,1.64,C,5936.7
67.94,32.6,887,9.93,6.99,2.9,D,7121.7
82.33,45.6,1225,8.5,5.31,2.77,C,6138.9
73.87,47.8,686,8.8,6.22,2.3,A,5908.4
75.34,58.6,622,12.98,5.59,2.68,C,8151.8
67.88,31.9,1018,7.45,6.02,2.03,C,5465.0
72.28,20.0,798,7.36,5.0,2.38,C,5879.5
75.55,46.8,852,8.23,6.43,2.74,C,6033.8
69.25,63.0,783,10.14,5.93,2.12,B,7067.6
76.88,57.4,861,4.99,6.53,1.87,B,5108.5
72.0,47.1,1140,4.07,5.69,1.15,C,4799.7
73.54,40.1,1020,6.83,6.54,1.96,B,5074.7
71.99,53.1,1029,4.73,6.29,2.41,A,5609.7
84.26,35.3,688,7.15,7.25,2.47,C,4658.3
74.93,49.8,727,9.0,7.21,2.25,A,6241.2
69.71,50.1,474,6.22,6.89,1.73,A,5479.6
79.11,55.6,779,5.15,6.34,1.01,A,4535.1
68.9,72.6,1044,8.14,7.49,1.75,C,6580.2
76.04,48.9,978,9.73,5.72,1.85,B,7302.0
65.2,39.9,867,4.61,5.8,1.84,C,5116.9
68.36,44.7,897,9.64,6.46,2.31,B,7036.6
75.98,27.3,797,9.63,7.63,2.99,B,5198.9
78.69,38.1,931,9.91,6.4,2.06,B,5997.8
75.86,40.9,1015,10.44,6.41,1.89,C,7061.1
74.42,39.8,658,12.4,5.78,1.87,B,7892.3
73.49,46.5,945,7.29,6.97,2.06,D,6282.7
67.61,36.8,1040,8.22,6.98,1.59,D,6707.6
71.4,56.2,838,7.17,6.89,2.06,C,6001.5
72.7,45.0,1005,8.0,6.19,2.23,D,6348.1
80.29,44.9,1322,11.07,6.15,2.1,B,6961.5
76.72,41.7,884,5.31,5.85,2.23,B,5463.7
66.18,46.6,959,6.28,6.54,2.22,C,6210.3
76.62,53.3,789,10.75,5.96,1.11,C,7441.2
73.07,36.3,927,10.04,5.91,2.32,D,6871.2
71.62,38.4,969,7.27,6.29,1.66,C,6276.2
78.06,42.0,929,9.71,6.26,1.45,D,6712.5
80.15,31.5,747,8.68,6.23,1.45,B,6178.2
79.66,36.8,931,11.0,6.73,2.22,C,6000.8
70.8,40.2,1119,8.15,6.54,1.89,C,6382.8
73.45,53.7,967,10.05,6.36,1.16,C,7108.6
76.66,47.6,1044,13.28,6.59,2.24,B,8598.4
79.88,46.9,864,9.2,6.0,1.28,C,6867.2
72.6,53.5,1012,8.1,6.55,2.07,D,6415.8
74.07,43.6,942,9.44,6.58,2.12,A,7046.4
69.47,48.9,757,7.27,5.75,2.44,C,6754.7
69.02,44.0,948,12.78,7.0,2.89,B,8091.7
79.06,47.7,751,8.36,6.06,1.32,D,6839.8
81.78,39.2,805,7.45,6.55,1.97,B,5199.3
74.64,20.6,928,6.33,7.08,1.86,A,4587.0
80.02,43.7,945,10.19,6.96,2.22,B,6702.6
76.81,59.2,722,9.73,6.52,2.11,C,6789.9
71.77,54.3,1058,7.01,6.32,1.82,A,6143.3
76.81,54.7,986,9.15,6.97,1.78,C,6966.4
82.69,57.4,794,4.98,6.84,1.44,D,4618.8
74.82,45.9,669,8.37,6.19,2.49,D,5643.7
82.82,47.0,878,8.91,6.1,2.23,A,6109.5
61.9,38.8,833,11.41,5.46,2.46,D,7941.5
79.11,41.8,917,6.46,6.58,1.84,C,5325.8
75.44,51.2,846,5.44,6.46,1.67,A,5349.2
73.5,57.0,599,6.21,7.07,1.46,A,6000.8
75.46,43.6,842,5.33,6.68,2.18,A,5080.1
65.06,40.5,854,10.67,7.17,1.48,C,7794.5
73.9,45.0,995,11.1,6.15,2.92,A,7105.5
76.79,51.0,795,8.64,7.07,1.35,A,6476.2
82.39,30.6,1152,10.44,6.24,2.14,C,6857.8
72.41,22.0,613,8.27,6.89,2.78,B,5273.6
70.96,39.5,1097,7.81,5.77,2.3,C,6729.0
72.49,32.8,866,7.33,6.62,2.09,C,5380.1
79.58,39.9,1029,7.38,5.51,1.52,A,5372.1
76.64,43.5,912,4.9,6.37,1.31,D,4818.2
72.35,40.5,1071,8.53,6.72,2.39,A,6428.4
77.57,59.5,842,7.92,6.24,2.75,B,6420.6
75.49,48.3,735,9.49,5.97,1.78,C,6459.4
79.84,48.0,1113,8.19,6.92,1.43,A,6009.7
71.49,51.2,883,7.67,6.45,0.77,D,6165.2
73.36,33.6,933,6.26,6.26,1.51,B,4779.6
73.04,55.4,1085,8.14,6.52,1.94,A,6200.0
67.68,44.2,745,9.48,7.82,2.8,D,6415.9
76.48,51.7,989,5.71,7.08,2.34,B,5194.4
76.31,34.3,812,8.17,7.08,2.15,C,5925.2
75.03,29.5,880,8.47,6.72,1.8,B,5332.0
73.83,53.2,911,6.56,6.58,1.71,C,5825.7
67.92,48.8,675,6.82,5.3,2.7,A,5824.7
72.9,36.0,783,8.46,6.16,2.1,B,6313.4
73.29,36.3,1103,5.73,6.26,0.95,B,4990.6
70.99,56.3,1033,8.7,5.56,1.66,A,6739.3
74.19,33.1,891,6.21,5.92,1.57,C,5436.4
77.02,61.4,936,10.13,5.51,1.73,B,7201.3
84.43,36.0,856,12.68,6.48,2.28,B,6956.3
75.87,51.4,1103,6.28,6.91,1.95,A,4721.8
76.29,41.7,870,9.07,7.05,1.96,C,6444.1
74.63,51.0,935,6.55,6.71,2.66,C,5742.8
65.41,39.6,1072,10.08,6.02,1.65,B,7444.5
74.87,43.4,783,5.47,5.53,2.93,B,4578.5
75.3,45.4,1134,8.96,5.62,1.66,A,7000.5
87.32,35.0,670,6.25,5.87,2.04,C,4193.7
74.04,52.4,1144,7.59,6.06,1.86,A,6098.2
76.51,39.9,844,5.94,6.42,2.06,B,5653.6
74.83,42.7,864,9.64,5.99,2.22,C,6477.0
69.16,35.1,616,6.33,6.67,2.22,D,5547.8
80.71,20.0,832,9.1,6.38,1.62,B,5694.6
78.76,43.1,744,7.31,6.51,1.44,C,5597.3
78.96,69.1,809,7.77,7.07,3.25,B,6106.5
70.45,52.8,879,8.3,5.91,1.76,D,6843.2
82.01,44.8,1044,6.48,6.71,2.35,B,5003.4
67.99,42.4,931,8.42,6.49,1.2,B,6600.6
77.93,45.2,946,11.06,6.33,1.86,D,7568.8
85.95,50.5,736,6.44,6.94,1.94,A,4353.3
70.05,33.2,768,10.34,6.94,2.24,A,7112.9
72.17,56.1,1170,11.0,6.03,0.64,A,8183.4
75.5,52.2,790,6.37,6.41,2.08,C,5698.4
72.48,52.2,1148,5.09,6.64,1.43,A,5585.7
67.25,49.4,864,8.6,6.36,2.16,D,6797.4
75.34,45.2,900,6.91,6.79,1.48,B,4984.1
69.69,51.7,1061,11.74,6.64,1.57,A,8011.9
77.37,50.9,1091,8.07,7.42,1.86,B,5609.9
70.4,41.5,883,6.4,5.73,1.47,A,5533.3
82.75,39.3,842,5.71,6.44,1.76,C,4130.5
71.08,46.0,892,10.18,6.05,1.4,C,7143.0
73.39,60.5,951,6.86,6.8,1.08,B,5894.3
79.07,32.6,1034,8.09,5.69,2.51,A,4910.5
68.85,30.3,901,9.91,6.67,1.35,C,7012.4
76.14,46.6,993,7.03,6.18,1.91,C,6347.1
81.54,45.5,1146,7.91,6.13,2.38,C,5855.6
66.96,46.7,957,7.97,5.78,1.69,C,6643.3
75.92,47.4,947,9.37,6.27,1.59,A,6637.9
76.3,42.8,672,9.18,7.04,2.11,D,6052.2
78.91,59.9,505,7.56,6.49,2.56,B,5861.5
68.82,29.0,958,8.13,6.81,1.42,A,6023.0
68.4,36.7,886,7.26,7.33,1.92,C,5482.5
77.61,44.0,823,5.04,6.63,1.13,D,5190.2
76.48,28.6,937,8.52,6.22,1.8,C,5347.9
76.25,43.2,891,11.78,6.73,2.02,A,7564.9
76.73,61.6,1069,6.23,6.23,1.57,B,5710.1
71.6,45.2,913,6.45,6.25,1.77,B,6241.9
76.16,47.3,788,6.26,5.74,1.3,D,5598.7
76.47,32.4,1049,9.45,6.96,2.04,A,6007.0
71.43,38.8,867,8.9,6.31,2.53,C,6329.0
84.33,41.2,979,7.68,6.59,1.45,B,5289.1
77.37,41.8,828,6.16,5.98,1.69,C,4826.6
69.04,57.8,803,8.18,6.72,2.25,D,6438.4
78.28,50.6,913,4.87,6.12,2.61,B,4178.4
70.13,33.9,902,8.29,6.43,1.25,B,5946.6
78.94,47.5,972,9.74,6.94,1.92,C,6490.9
80.79,50.0,860,5.5,6.9,2.14,B,4769.8
70.9,56.4,625,4.93,6.49,1.95,C,4668.6
79.82,60.8,835,11.16,5.62,0.76,C,7621.2
77.06,34.8,1019,6.78,8.0,2.25,A,5006.5
79.11,36.9,855,10.27,7.37,2.76,C,6156.1
84.48,32.4,863,7.69,6.86,2.06,A,4722.7
73.77,42.7,1048,7.68,6.12,1.48,D,5923.4
71.23,49.7,793,8.88,6.44,1.74,B,6551.9
70.55,54.9,669,6.23,6.23,2.88,C,5540.0
70.92,44.2,876,8.26,7.13,2.45,B,6212.2
74.61,41.8,827,7.24,6.63,2.32,B,6262.5
76.71,46.5,755,5.36,6.11,2.18,B,4692.7
76.38,36.6,874,8.67,6.26,1.67,C,5962.6
79.14,65.9,974,7.47,7.06,1.9,B,5965.7
75.07,28.9,899,7.69,7.3,1.96,D,5111.0
82.27,46.8,946,5.58,7.26,2.27,B,4805.4
73.68,65.2,1172,11.18,6.88,2.75,C,7055.4
88.6,45.1,849,9.75,6.37,2.56,C,5691.8
78.13,43.1,942,9.93,5.0,1.29,A,7165.9
70.71,41.4,824,7.39,6.65,2.11,B,5784.0
69.65,43.2,773,4.54,6.5,2.37,B,4589.5
77.41,58.7,812,11.91,6.57,2.31,B,7835.5
73.88,22.9,828,7.88,6.53,1.69,B,5753.8
78.57,60.3,954,6.5,5.84,3.46,C,5636.0
77.37,30.8,1252,8.83,6.78,1.36,A,5678.7
74.64,42.3,793,10.33,6.82,1.46,C,7000.2
70.77,40.7,838,7.95,6.84,2.12,D,5920.3
67.43,50.9,891,10.56,6.97,3.06,B,7650.6
72.77,29.0,959,10.17,6.8,1.58,C,7044.1
79.28,49.6,940,5.85,6.29,1.87,A,4283.0
76.07,65.2,1093,6.65,6.46,2.54,D,5932.9
68.77,31.4,536,9.92,6.55,1.99,B,6202.2
75.87,46.9,542,3.0,6.55,1.83,C,4667.4
76.93,38.4,826,7.7,7.0,2.28,D,5320.9
70.58,49.3,1065,5.14,6.82,2.14,B,5410.8
75.77,45.2,665,7.05,7.54,2.52,C,5265.6
75.29,38.6,449,7.4,7.6,2.65,B,4971.7
69.29,49.9,986,7.28,6.54,2.15,A,5900.5
76.79,63.0,937,6.9,5.0,2.15,C,6675.4
77.8,43.1,736,5.81,7.12,2.11,A,5031.0
80.42,52.2,752,12.58,6.23,2.24,C,8276.6
80.27,32.1,755,11.73,6.1,2.03,A,6924.4
68.11,35.4,917,5.68,6.3,2.0,D,5379.1
70.31,49.7,806,11.16,6.28,2.6,A,7556.0
77.58,59.8,974,7.2,6.81,2.76,B,5693.6
77.57,48.6,472,8.26,5.72,1.25,B,5876.2
77.58,41.9,771,7.87,5.96,2.01,B,5828.4
90.0,45.0,731,6.68,6.67,1.66,B,4306.6
77.85,32.5,862,9.97,6.81,1.84,B,6386.3
80.68,51.0,819,8.25,6.82,2.2,B,5866.8
79.77,53.8,1020,7.05,6.11,2.33,B,5713.6
78.26,40.5,621,5.39,6.01,1.94,B,5203.1
73.42,40.3,907,6.21,6.25,1.04,B,5403.6
78.79,47.7,984,4.72,6.62,1.52,A,4798.7
71.14,40.6,1178,8.02,7.24,2.45,D,6615.2
73.82,44.3,828,5.61,5.48,0.63,B,5821.5
72.57,66.0,949,7.47,6.39,2.59,A,6781.5
75.41,42.5,629,10.74,5.83,2.26,B,6975.8
86.57,41.4,541,10.4,5.67,2.66,D,6277.0
65.66,38.5,1027,7.94,6.98,1.9,A,5920.6
78.43,52.4,899,7.83,6.77,0.97,C,6113.6
66.94,43.2,1077,11.76,6.72,2.22,B,7998.6
72.64,38.5,694,9.04,6.96,2.64,A,6210.8
80.44,58.2,978,7.34,6.26,2.46,C,6071.9
75.32,59.2,1180,5.15,6.28,1.67,B,4969.9
69.61,39.0,963,8.79,7.59,2.04,B,6773.5
71.42,26.3,941,9.66,6.38,1.73,C,6746.5
78.4,55.1,901,6.74,6.87,1.59,C,5494.2
71.35,38.2,664,8.58,6.5,2.48,D,6145.8
76.08,52.9,1103,7.27,5.58,1.4,C,6276.4
75.23,25.3,808,7.63,5.48,1.55,C,6038.7
71.74,53.9,976,3.02,6.21,1.45,C,4592.1
85.72,32.9,666,7.56,7.03,1.25,A,4846.8
78.17,52.3,723,9.94,6.89,2.07,C,6656.9
64.87,45.1,1115,6.74,6.96,2.58,C,6539.2
75.93,35.5,848,8.11,6.01,1.91,A,5739.5
71.69,40.9,1118,6.49,7.31,1.25,B,5445.5
79.26,51.9,888,8.72,6.02,2.42,A,6700.4
71.04,46.1,624,7.57,6.61,2.84,C,5979.3
74.43,50.8,1034,6.12,6.49,1.68,B,5835.4
77.52,64.8,812,10.67,6.41,1.76,D,7163.9
79.33,29.4,1005,9.86,7.17,2.26,A,5897.1
69.0,61.2,904,6.79,6.15,2.81,C,6721.0
73.33,46.0,669,9.0,5.83,1.74,A,6441.4
72.63,36.0,925,9.07,6.51,1.33,C,6376.9
71.73,31.7,1229,9.28,6.3,2.32,C,6533.6
83.83,43.1,974,4.61,8.19,2.4,C,3413.0
77.02,54.2,891,10.01,6.84,2.0,C,6725.4
68.7,43.7,1061,6.86,6.3,1.72,D,6030.5
79.59,60.1,932,7.28,5.97,2.5,A,5897.4
85.61,30.5,931,13.28,5.56,2.26,B,7667.9
80.16,44.9,736,8.6,5.99,1.62,C,6504.4
67.4,32.5,935,7.23,6.56,2.02,B,5574.9
72.58,48.6,1055,3.59,7.21,1.32,A,4466.2
81.33,53.9,775,10.78,7.06,2.34,B,6989.2
71.46,40.8,1114,5.31,6.61,1.87,B,5523.8
77.22,20.0,886,5.99,6.34,1.78,B,4711.0
78.87,47.0,767,7.34,6.63,1.98,C,5592.7
70.37,49.4,1050,10.83,6.24,2.02,B,7805.1
74.7,49.0,857,9.55,7.36,2.45,A,6719.5
60.0,57.4,1014,7.68,6.41,2.3,A,6821.5
69.88,34.3,856,8.62,6.46,1.92,D,6356.7
73.74,51.8,891,6.8,5.39,2.38,D,6389.9
68.76,56.9,974,8.28,6.4,2.2,C,6741.3
83.16,27.2,944,8.15,6.92,1.79,B,5114.5
67.85,48.2,601,9.94,5.97,1.94,D,7269.4
72.8,40.0,732,9.93,6.12,1.93,C,6139.4
75.65,44.2,1039,8.99,6.9,2.25,C,6270.1
82.21,48.5,880,7.28,5.76,1.82,C,5622.2
67.82,40.1,821,9.48,7.03,1.8,B,6651.7
80.82,38.2,696,7.82,6.23,2.98,B,4981.2
75.05,45.3,738,5.84,6.31,2.47,A,4840.2
70.09,34.1,597,7.19,5.94,1.62,B,6024.0
77.31,34.1,885,8.17,6.69,2.29,C,6184.9
76.0,51.8,810,9.82,7.73,2.06,D,6988.2
72.0,33.5,755,7.63,6.89,2.2,C,5221.0
75.35,51.7,890,5.58,6.07,2.07,B,5517.2
73.07,49.6,955,8.11,7.07,2.59,A,5920.6
75.57,27.7,1214,8.23,6.34,2.17,A,5532.8
78.31,38.2,673,8.37,7.19,1.97,B,5467.3
82.93,56.9,1074,9.84,6.9,2.52,B,6677.4
68.81,35.2,1046,10.04,5.03,2.12,C,7545.8
85.67,40.4,783,6.81,6.0,2.06,A,4815.2
65.24,49.6,930,6.77,6.97,2.16,D,6084.9
74.24,52.8,831,5.92,6.58,1.95,B,5529.3
77.94,42.5,928,9.4,5.99,2.0,C,6602.6
76.4,39.0,1126,10.9,6.18,1.71,B,7421.2
71.89,59.2,991,7.37,5.55,1.62,A,6156.4
73.96,62.4,976,7.52,6.46,1.5,C,6389.0
72.53,54.8,835,10.93,7.61,1.3,C,7086.3
72.05,45.9,677,9.01,6.9,1.56,B,6511.3
79.25,36.9,869,8.87,7.6,1.91,B,5612.6
76.79,36.7,1081,5.62,6.94,2.05,A,4666.3
71.54,50.2,671,9.36,7.01,1.86,C,6511.6
79.5,49.2,742,6.14,7.49,0.82,D,4538.9
76.54,59.0,919,5.73,6.69,2.79,A,4615.0
79.06,51.5,752,7.31,6.41,2.54,B,5541.8
78.15,30.0,781,6.83,7.02,2.22,D,4693.1
70.86,55.5,836,7.56,7.23,2.95,B,5883.2
72.2,35.0,695,5.12,6.26,1.51,C,5223.4
78.74,41.2,754,9.92,6.14,2.94,B,6142.6
78.05,47.5,1006,10.26,6.57,1.52,B,7267.1
74.9,65.0,704,4.11,6.92,2.12,B,5305.2
75.59,76.1,660,9.96,6.9,1.36,B,6880.7
81.39,51.1,805,6.38,5.79,2.01,A,5275.5
72.04,43.2,1010,9.71,7.46,2.19,C,6513.8
77.74,50.3,870,7.86,6.18,1.92,C,5112.1
73.99,53.9,830,8.06,6.37,2.36,C,5854.1
73.91,41.8,907,7.63,6.05,2.05,C,6161.2
80.49,63.0,638,10.42,7.85,1.74,A,7403.5
79.13,47.3,974,5.52,6.62,1.72,A,5113.0
79.07,50.0,958,9.22,6.07,2.41,C,6524.8
81.53,51.7,839,10.2,6.93,1.67,B,6588.5
75.11,49.2,1051,9.43,6.88,2.46,B,7089.5
78.41,53.4,731,12.65,6.41,2.61,A,8438.2
73.45,38.8,1069,6.94,6.92,1.17,A,5377.8
76.62,39.4,923,9.91,6.09,2.57,B,5964.5
74.35,34.0,850,7.79,6.25,3.03,C,4990.8
75.48,49.4,897,10.47,5.49,2.13,D,7656.9
77.98,52.8,884,7.98,5.84,2.3,D,6100.1
70.91,49.6,1083,7.22,7.4,2.52,D,5913.6
85.46,61.7,738,10.61,7.32,1.86,D,6120.9
69.97,44.9,786,7.02,6.53,2.09,B,5647.6
68.93,51.7,1055,5.17,7.33,1.34,A,5248.1
80.79,34.1,811,6.97,6.42,2.07,C,5024.7
78.96,41.1,1035,9.24,6.38,2.25,A,6072.8
78.12,52.0,1155,10.78,6.53,2.26,B,6813.6
78.14,53.5,840,8.22,6.44,2.53,A,5829.5
74.94,42.1,1002,10.64,6.39,1.61,B,7432.9
70.51,44.3,727,5.28,7.07,1.73,B,5120.9
75.38,29.8,1013,7.11,6.58,2.95,A,5344.7
71.61,41.4,930,7.42,6.86,1.92,B,5560.6
79.88,53.9,971,7.77,7.02,2.1,D,4858.3
74.26,50.8,803,8.17,6.69,1.97,B,6048.4
70.87,50.0,651,9.38,6.01,1.59,D,6758.9
73.39,45.5,975,7.11,5.82,2.81,A,5931.9
77.06,45.1,590,8.28,6.57,1.74,A,6929.4
72.18,38.4,852,7.91,6.41,1.44,B,6245.5
70.89,52.0,1041,6.15,6.54,1.77,B,6548.5
76.22,49.2,929,7.77,6.49,1.0,C,6224.3
76.22,49.9,1192,7.71,7.79,1.67,C,5583.3
72.47,39.7,1054,7.67,5.83,1.52,C,6210.1
72.64,23.5,802,8.06,5.51,2.31,D,6316.1
76.16,56.0,904,8.15,6.67,1.66,B,6820.3
67.76,40.2,893,7.14,6.31,2.44,A,5793.1
67.96,36.4,663,10.55,6.66,2.7,B,7156.7
71.41,51.9,759,5.66,6.79,2.39,A,4903.9
73.93,41.1,816,6.56,7.14,1.89,B,5507.2
76.55,55.6,595,13.56,5.75,2.07,A,8949.3
82.38,51.2,907,5.92,6.22,1.24,B,5031.5
79.29,51.8,863,5.29,6.71,1.93,A,4591.7
74.2,31.3,649,9.47,6.89,1.57,A,6322.9
74.9,57.1,961,3.85,7.6,2.35,C,4535.3
69.99,47.6,1007,7.53,6.98,3.29,C,6004.5
74.91,41.3,934,12.29,6.47,2.25,C,7676.0
73.56,46.4,851,4.91,6.05,1.0,C,5018.2
76.61,27.2,989,4.04,6.22,1.82,A,4269.6
70.86,49.1,1002,5.0,6.2,2.06,B,5450.4
77.6,34.7,946,9.8,6.83,2.04,A,5954.9
82.66,31.5,776,10.25,6.63,1.63,C,5789.8
74.46,29.8,941,6.97,5.84,2.12,C,5299.1
77.01,56.1,1079,9.37,6.28,1.38,A,7071.9
78.45,38.7,811,10.78,6.94,1.53,B,6738.9
72.99,60.3,1215,11.57,6.68,2.32,D,7741.2
76.12,39.6,821,7.51,6.78,1.49,B,5663.4
75.06,27.9,905,3.4,6.69,2.27,C,3569.7
75.49,33.8,799,6.36,7.31,1.32,B,5189.7
71.13,57.4,933,7.15,6.62,2.88,A,6199.2
75.12,43.4,639,7.48,6.31,1.61,C,5682.0
77.49,39.5,818,7.62,6.04,1.89,C,5724.1
82.26,46.6,736,10.24,6.62,2.17,C,6825.0
79.8,50.0,920,10.55,5.28,1.72,B,6967.7
85.77,56.2,1049,7.66,6.41,2.07,B,5662.9
71.16,59.5,997,10.2,6.4,2.29,C,7466.2
79.36,41.4,544,8.72,5.82,2.48,B,6084.9
75.92,31.7,1206,8.13,6.04,2.4,B,5588.2
85.95,40.9,944,9.81,6.9,1.91,D,5939.5
70.96,47.6,784,8.14,6.62,1.93,B,6663.7
70.8,35.4,924,12.12,6.55,3.17,B,7258.2
72.0,35.4,926,5.12,6.65,2.47,C,4323.1
64.38,48.4,800,6.97,6.55,1.54,D,5945.4
72.37,44.5,930,7.75,7.12,2.05,B,5574.8
71.2,45.3,809,8.88,6.56,1.83,B,6757.3
75.75,37.4,839,10.54,5.77,1.93,C,6503.3
76.71,42.7,797,7.95,7.32,1.39,C,5613.9
84.38,35.8,685,5.16,6.69,1.79,C,4199.4
79.75,53.9,922,9.69,6.21,2.91,B,6714.2
72.12,55.4,988,9.51,5.87,2.29,B,7039.1
70.51,26.5,977,4.12,6.7,0.75,C,4417.2
77.46,35.7,1023,7.99,6.44,2.61,D,5629.6
68.4,30.0,949,4.82,7.29,2.54,D,4485.4
84.16,38.5,820,6.67,6.33,1.82,A,4734.7
80.9,44.2,1026,6.19,6.08,2.36,B,5651.8
72.65,30.5,696,9.62,6.95,1.57,B,6586.2
66.43,35.8,765,8.23,6.96,1.76,D,7030.1
81.77,35.0,755,5.43,6.58,2.75,C,4049.6
74.43,47.1,1062,9.76,6.84,1.86,B,6748.1
81.19,45.7,1041,5.13,6.48,1.07,A,4229.8
67.03,37.8,973,8.66,6.62,1.97,B,6318.5
72.0,46.8,1061,6.37,7.08,1.96,A,6068.0
75.03,39.5,768,7.27,6.81,2.6,C,5268.8
75.23,42.3,952,9.01,6.42,2.01,C,6928.9
72.75,61.7,881,9.04,7.18,1.79,B,6484.6
78.11,58.4,1027,10.67,5.32,2.52,B,7116.4
69.66,32.0,883,7.84,7.53,2.06,D,5617.5
74.29,53.3,842,8.61,5.65,1.62,B,6677.7
75.6,53.1,981,7.12,6.19,2.58,A,6119.7
77.57,33.5,1031,8.36,6.48,2.1,D,5865.1
78.56,53.2,800,8.88,6.43,2.0,C,6217.4
69.38,60.4,891,7.8,7.0,2.09,C,6496.9
67.33,33.8,741,4.39,5.97,1.46,A,4773.4
81.39,35.8,525,8.66,6.63,1.74,A,5308.5
76.66,55.2,930,8.73,6.21,2.0,A,6248.6
71.26,47.7,991,6.64,6.65,1.9,A,6060.1
82.76,50.5,939,5.43,6.47,2.64,C,4052.3
75.58,48.4,608,10.95,6.55,2.11,A,7642.7
80.9,48.9,847,8.98,6.23,2.43,C,6040.9
75.34,31.7,567,7.54,6.24,2.0,B,5222.1
85.3,55.5,1105,5.73,6.64,2.53,B,4920.5
83.78,56.7,737,6.36,6.97,2.2,D,5412.1
73.76,42.7,1088,10.61,6.2,2.01,A,7496.5
79.86,44.6,1042,8.28,6.07,1.99,B,6079.3
78.23,29.7,765,6.9,6.81,1.52,B,5273.6
81.84,50.1,730,9.02,6.48,2.25,A,5559.7
70.18,50.7,953,6.37,6.92,1.98,B,5558.9
78.43,44.4,773,11.0,6.05,1.75,B,6801.3
80.29,56.2,915,10.71,5.61,2.55,C,7543.9
66.21,41.7,828,7.07,6.23,1.37,C,6062.1
69.08,50.6,633,6.74,6.12,1.79,B,6296.1
64.8,34.8,565,3.0,6.46,2.51,A,4412.2
73.65,44.8,934,5.04,6.18,2.16,C,4690.7
78.59,43.3,816,5.32,6.87,1.98,A,4409.9
82.51,47.3,817,8.27,6.36,2.13,C,6106.6
75.37,41.3,1004,7.35,6.58,2.09,C,5393.6
83.14,43.7,1076,5.31,6.58,1.24,A,4540.0
68.1,53.3,859,7.44,6.6,1.83,C,6155.6
66.48,40.6,849,9.01,6.49,2.81,D,6628.3
74.72,28.9,975,9.06,6.76,1.67,C,6025.4
76.92,62.5,696,4.2,6.1,1.84,B,4627.4
74.84,58.8,933,7.74,7.2,1.73,B,5863.3
64.66,32.1,983,5.23,6.38,1.96,D,5325.9
74.55,51.9,1002,9.8,5.84,1.71,B,6852.8
68.48,40.0,609,9.57,6.59,2.24,C,6553.5
78.35,47.6,786,6.2,6.07,2.1,A,4922.2
76.83,47.9,768,6.47,6.83,2.39,A,5200.8
70.3,42.7,915,7.08,7.6,1.47,C,5977.0
72.43,37.2,972,3.49,6.11,1.83,C,4723.0
69.7,38.1,1125,8.67,6.67,1.89,C,6224.1
74.69,35.8,826,7.45,5.62,2.23,D,6359.5
79.78,36.7,825,9.94,6.73,1.6,A,5964.6
70.07,44.3,1072,5.8,6.06,2.46,A,5807.5
77.52,37.8,944,6.76,6.19,2.59,D,4975.1
72.35,51.8,1090,4.99,5.95,1.51,A,5065.7
71.04,59.9,943,5.99,6.87,1.75,C,5547.8
74.46,39.2,726,5.64,7.0,1.73,B,4821.9
69.82,47.4,700,9.99,6.51,3.32,A,7172.2
72.23,50.0,667,6.6,6.07,1.79,B,5999.8
69.01,49.7,999,8.25,7.29,2.84,B,6075.5
84.82,45.8,1078,7.24,6.12,1.37,D,5007.1
75.18,52.4,1177,5.46,5.42,1.51,C,5210.7
71.5,49.8,1026,7.66,6.73,1.66,C,6181.2
76.07,32.6,1074,9.2,5.95,1.58,B,6235.3
74.44,53.7,813,5.58,6.99,1.87,B,4901.9
73.9,53.9,727,9.62,6.31,1.65,A,7060.1
78.07,37.4,1028,6.3,6.8,1.59,B,5635.0
78.79,45.4,963,7.03,7.2,2.58,A,5063.9
72.35,51.8,916,9.06,5.9,2.61,A,6692.4
72.12,42.9,958,6.67,6.22,2.47,B,5783.3
73.62,55.7,948,8.08,6.46,2.26,B,6209.2
63.49,68.6,1093,7.37,7.27,2.05,A,7115.6
67.42,37.1,1094,8.26,6.17,1.75,B,6280.5
81.83,31.2,982,3.24,6.2,1.52,B,4018.2
83.22,48.0,1027,4.34,6.74,2.18,A,4186.6
73.75,52.2,977,9.23,6.21,1.41,D,6698.7
77.88,42.7,831,10.07,6.58,1.5,A,6448.1
76.56,59.5,1013,6.18,5.72,2.58,D,5512.6
90.0,31.6,691,7.51,7.61,2.95,A,4628.7
80.6,51.9,1058,8.59,5.83,2.2,D,5844.2
74.36,38.9,721,9.39,6.34,2.55,A,6187.1
70.22,62.2,943,3.94,6.48,1.88,C,4955.0
66.97,64.9,773,6.23,7.46,1.33,B,6121.8
76.02,37.3,983,7.33,5.84,2.31,C,5523.4
71.22,39.5,895,9.41,7.49,2.28,B,5981.8
67.89,53.6,661,13.0,6.88,2.04,A,8398.2
71.77,41.1,963,7.54,6.71,1.88,C,5872.9
69.59,44.5,813,5.19,6.01,2.48,A,5037.1
83.44,45.3,1032,8.8,6.79,1.51,D,6051.7
79.41,25.8,900,10.64,6.14,1.61,A,6704.3
74.96,44.9,959,8.22,7.13,1.5,B,6002.4
82.4,38.1,756,6.19,6.01,2.04,C,4796.6
75.39,40.1,812,9.92,6.44,1.46,B,6024.6
70.69,59.4,831,9.33,6.22,1.66,A,7104.8
82.62,32.4,1029,5.95,6.01,1.65,C,4874.3
77.69,53.1,1152,8.76,6.87,1.87,C,6214.0
69.81,42.2,779,9.99,6.77,1.26,D,6819.7
74.05,42.2,1062,10.36,7.1,2.04,B,7528.0
70.62,52.9,575,7.87,5.61,2.62,B,7008.4
68.09,48.4,721,7.28,7.03,2.07,B,6209.6
79.63,50.7,756,10.45,7.75,2.77,B,6836.9
84.55,54.7,697,5.58,6.27,2.67,C,3976.2
68.01,41.7,662,8.88,7.45,2.39,B,6180.4
77.81,38.9,962,5.26,6.37,2.04,B,4481.0
71.75,34.1,868,10.13,5.81,2.01,B,6840.1
72.56,36.7,957,7.48,6.35,2.38,C,5595.1
72.04,74.5,1004,10.54,7.02,1.8,D,7105.3
70.68,57.4,940,8.98,6.08,1.06,C,7270.2
75.24,31.5,999,5.55,6.2,2.25,B,4892.4
70.85,31.8,890,10.85,6.8,1.43,C,7539.1
76.35,49.8,722,11.1,6.5,1.52,C,7061.0
74.75,50.5,1059,9.76,6.79,2.0,A,6574.9
73.81,50.5,812,6.48,6.62,1.95,A,4763.9
70.46,42.5,760,7.39,6.74,1.29,A,5875.2
72.12,43.7,873,8.29,6.28,2.08,B,6563.0
78.78,48.3,763,6.59,6.62,2.48,C,5015.0
77.5,45.9,837,11.38,6.04,1.44,B,8009.7
70.11,22.8,952,8.29,7.14,2.64,B,5599.8
75.5,42.7,952,3.0,6.18,1.22,D,4113.7
78.76,36.5,765,8.68,7.06,3.06,C,5183.6
66.65,46.8,827,7.3,6.38,1.79,C,6386.6
77.72,74.9,1061,7.85,6.6,2.07,B,5939.3
71.69,48.7,974,7.26,6.25,1.05,A,6367.9
77.85,41.9,1211,9.61,5.99,1.97,A,6785.4
71.18,54.2,1077,10.24,5.63,2.11,A,7966.4
65.98,49.8,1072,8.57,5.97,1.96,B,6731.8
66.86,49.2,692,7.32,6.34,1.72,B,6393.9
75.24,51.1,1015,7.92,6.61,1.53,A,6327.4
76.3,65.6,892,8.04,7.01,2.57,A,6430.4
70.48,33.7,817,6.4,6.28,2.02,A,5118.5
78.19,49.7,925,9.16,6.06,2.77,C,5693.6
66.69,35.7,1042,8.92,5.78,1.74,C,6942.9
74.67,50.6,975,11.08,6.74,1.78,B,7339.1
68.94,35.8,768,10.51,7.19,2.41,B,6767.5
71.74,40.8,1011,6.63,7.13,1.19,B,5753.6
75.24,42.0,804,9.64,6.85,1.39,A,6530.3
70.7,54.8,933,6.1,6.82,2.55,A,5238.3
73.08,54.2,854,9.39,7.35,1.41,D,6207.0
80.03,32.5,867,6.97,6.67,1.09,D,4690.9
72.12,45.5,1015,5.95,6.82,2.93,C,5956.1
79.18,37.9,744,8.56,6.34,1.3,D,6088.3
69.35,32.4,1192,3.0,5.82,2.09,C,4271.2
77.65,42.8,627,4.5,6.16,2.03,A,4346.8
82.21,41.9,810,7.65,6.5,0.59,D,5402.7
62.64,69.3,956,8.16,6.53,1.87,A,7787.7
71.02,49.3,988,7.26,7.46,2.22,C,5712.2
77.89,31.2,885,4.84,6.54,2.18,B,4368.1
73.98,39.4,891,6.36,7.09,2.45,B,5001.1
76.86,55.2,962,8.78,6.28,1.81,C,7119.2
71.98,65.9,865,9.16,6.34,2.36,B,7385.0
75.43,29.1,1109,7.97,5.84,1.66,B,6152.4
74.22,26.2,1026,10.31,6.13,1.29,B,6501.8
80.84,63.7,1031,8.79,6.76,1.35,B,6796.1
76.27,48.9,755,6.51,6.5,1.27,D,5377.7
76.69,36.3,888,7.44,6.97,2.5,C,5348.1
72.94,50.3,855,5.19,6.59,1.24,B,5679.0
72.56,20.0,749,7.78,6.32,2.14,A,5118.3
72.84,45.0,954,10.22,7.57,1.87,C,6895.5
76.97,48.3,819,9.37,6.45,1.95,A,6646.6
72.9,54.2,998,10.8,7.08,2.68,A,7475.2
76.45,34.9,739,7.39,6.3,1.78,B,5317.0
85.38,45.9,1158,10.69,6.85,2.31,D,7056.6
79.36,35.7,766,7.61,6.96,2.02,A,4847.6
73.37,47.6,933,10.94,6.6,1.92,A,7774.9
81.01,36.0,1019,7.96,5.32,3.15,B,5912.0
72.96,40.9,814,9.41,6.51,1.28,B,7214.6
64.81,35.0,1028,10.95,7.12,2.64,B,6909.2
69.96,51.5,716,7.61,6.76,2.33,B,5932.4
65.65,53.6,1118,8.44,6.72,1.76,B,7426.1
73.24,42.7,902,10.58,5.64,2.81,A,6611.0
75.09,45.4,811,7.73,6.14,1.08,A,5567.3
83.38,30.5,855,5.36,6.71,1.74,C,3912.7
76.63,42.0,1021,12.29,6.71,1.4,D,7647.7
73.9,44.5,812,7.06,7.11,2.21,A,6000.4
79.15,71.2,788,8.32,6.43,1.44,A,6530.5
63.94,33.9,867,10.31,6.7,2.22,A,7063.8
76.18,59.6,723,6.78,6.51,1.91,C,5879.4
78.85,55.0,1173,5.98,6.01,1.76,C,5534.8
67.61,47.8,815,8.51,5.37,2.19,B,7043.3
80.72,62.6,1025,4.41,6.72,1.87,C,4609.0
76.69,48.7,931,7.42,6.59,1.46,C,5222.9
72.92,48.9,752,8.49,6.19,3.4,D,6039.8
78.16,44.5,899,7.46,5.69,1.76,A,6198.1
86.35,57.2,1018,4.91,6.81,0.89,A,4522.5
75.91,56.0,872,11.19,6.37,1.58,A,7466.2
76.24,38.7,1079,8.21,6.78,1.37,D,6235.9
72.7,31.8,1053,10.86,7.43,2.41,C,6421.8
70.75,43.0,1038,7.48,5.43,2.16,B,6159.2
79.15,37.0,831,6.24,6.15,2.2,A,4929.4
70.72,44.4,738,8.54,6.4,1.81,B,6335.9
75.36,57.4,808,7.57,7.23,1.86,B,6000.6
72.61,40.4,929,5.64,5.68,1.81,B,5223.5
77.39,44.6,982,10.94,7.47,1.96,B,6433.5
76.67,45.6,574,6.76,6.57,2.42,A,5355.5
80.19,53.5,899,4.32,6.45,2.17,C,4027.7
72.45,22.5,924,10.66,6.4,2.25,B,6708.0
73.65,38.9,858,6.99,6.28,2.25,B,5953.4
70.11,47.1,1094,6.78,7.02,2.44,A,5670.6
72.78,57.0,963,4.47,5.97,2.14,C,4779.7
76.89,40.1,1097,11.48,6.67,2.18,B,7110.3
78.78,26.2,868,5.42,6.31,2.59,D,4000.1
70.39,51.2,1041,8.12,6.12,1.67,B,6799.3
79.35,38.6,1145,9.83,7.79,1.57,D,6104.2
81.78,33.1,1097,8.84,6.71,1.41,D,6207.9
77.07,38.8,736,7.88,6.81,2.09,B,5922.8
84.38,43.2,862,4.6,7.07,1.07,D,3959.9
71.13,39.0,848,6.38,5.79,2.23,B,5761.5
68.78,22.9,973,8.38,7.38,1.95,B,5704.2
66.11,54.0,1003,6.43,5.25,2.57,A,6358.1
82.48,57.7,774,8.41,6.12,1.66,B,6014.5
78.27,51.5,910,9.36,6.27,1.9,C,6805.0
74.72,33.6,597,9.93,6.79,2.56,C,6762.3
76.4,43.0,1116,5.55,6.61,2.69,A,5081.5
69.37,44.9,823,12.39,6.42,1.66,B,8410.2
87.23,51.0,908,9.53,6.49,2.09,A,6305.7
75.65,51.7,854,8.0,6.01,2.15,C,6371.1
75.55,37.7,1072,10.18,5.75,2.19,A,6483.9
78.63,45.8,474,12.73,6.86,1.87,D,8065.7
77.41,49.6,898,5.12,6.85,2.64,A,5231.4
76.12,59.6,884,7.55,7.29,1.06,B,5984.3
71.05,52.0,832,3.24,6.1,1.79,D,4490.8
77.36,52.9,1159,8.39,6.85,2.22,B,6358.8
84.41,45.8,767,8.73,6.36,2.23,A,5897.8
81.73,59.1,1016,7.92,7.1,2.68,B,5698.5
82.97,49.1,953,6.69,7.01,2.6,A,4579.4
72.44,36.4,1089,3.9,6.61,1.86,D,4426.2
70.05,59.0,800,8.75,6.33,2.65,B,7065.9
74.37,52.0,790,10.91,6.98,1.64,B,7516.9
75.28,40.6,1064,6.82,6.82,2.47,B,5431.1
80.47,40.2,964,8.88,6.16,2.91,A,5818.3
66.54,48.0,668,4.86,5.84,2.61,C,5656.3
82.65,49.6,819,8.91,6.36,2.05,D,6054.8
74.21,47.0,958,7.21,7.26,1.83,D,5524.2
72.87,48.1,1026,6.48,7.07,1.24,B,5533.7
69.94,62.0,798,6.48,5.94,2.16,B,5676.9
66.73,55.7,463,7.21,5.92,1.44,A,6484.9
79.12,46.9,978,8.76,7.14,1.6,C,6246.1
75.37,54.4,717,5.38,5.93,1.4,B,5407.0
68.55,34.7,597,7.21,6.75,1.77,B,6183.9
68.52,49.0,475,7.92,6.19,1.99,D,6359.0
73.32,63.1,1022,5.8,7.31,2.14,A,5674.1
83.35,42.8,919,11.59,6.11,1.7,A,7235.9
73.7,36.5,866,6.29,7.07,2.53,A,5716.5
67.48,38.5,1108,6.66,6.59,1.9,A,5834.4
73.77,34.1,996,6.04,6.63,1.61,A,4743.7
73.64,37.2,1142,11.6,5.51,2.11,B,7818.0
61.52,41.3,691,9.11,5.4,2.98,B,7803.8
74.73,30.9,895,6.13,6.39,2.17,A,4828.1
73.85,45.2,657,10.21,6.62,1.82,C,7160.4
78.48,54.0,866,8.4,5.94,1.24,A,6732.9
84.24,35.9,863,8.51,5.96,1.89,C,5846.7
80.63,60.2,994,7.31,6.78,2.12,B,5759.8
73.66,50.1,907,6.5,6.78,1.81,B,5368.8
69.47,55.3,994,8.68,6.43,1.17,D,6956.2
87.87,38.4,1006,6.91,6.89,1.57,A,4755.7
75.3,53.5,1223,11.63,5.91,2.73,B,8036.1
75.07,34.1,853,5.46,6.32,2.72,D,4767.0
74.88,53.9,759,11.07,7.32,1.56,B,7201.1
75.99,46.7,937,7.78,6.53,2.34,B,6033.0
74.28,50.5,780,8.6,6.56,1.41,B,6706.1
72.13,33.2,1122,9.67,7.65,2.7,C,6407.3
72.27,36.0,858,6.74,5.8,2.12,D,5309.4
74.84,51.0,815,9.73,6.9,2.47,A,6657.0
72.28,35.5,829,3.0,7.33,1.14,A,4120.5
71.44,49.6,1008,6.56,6.34,2.34,B,5363.9
75.53,31.3,876,6.15,6.93,2.0,A,4173.8
73.73,53.5,804,5.49,6.01,2.43,B,5779.5
82.52,32.7,1150,7.57,6.16,2.46,A,5300.0
61.75,50.5,772,8.77,6.69,2.03,A,7361.5
80.46,51.3,905,9.41,6.9,1.7,A,6024.3
81.23,38.0,998,8.48,7.06,2.39,D,5739.4
64.63,50.8,655,6.67,7.28,1.97,A,6119.6
73.29,47.6,972,8.74,6.47,1.56,A,6057.6
73.14,39.6,742,8.25,7.1,1.54,A,6403.4
67.96,34.9,1023,9.87,6.33,1.26,D,7104.3
71.11,25.4,756,9.55,6.95,1.74,C,6156.8
69.45,48.5,1004,8.06,6.6,2.55,C,6281.5
83.76,29.4,1066,6.21,6.72,2.09,A,3745.5
79.68,46.0,1029,6.69,6.71,1.74,C,5413.8
81.36,42.4,938,6.9,5.7,2.4,B,5324.2
78.61,51.8,865,7.37,5.94,1.58,B,5794.9
69.35,42.0,814,8.54,6.55,2.05,B,6833.9
72.38,41.7,1121,9.43,5.66,1.91,C,6458.8
77.45,52.3,795,7.9,6.92,2.39,C,5678.2
68.89,48.4,744,8.03,6.94,1.21,D,6173.9
78.56,48.2,1000,8.29,6.66,1.57,D,5930.9
73.8,49.7,781,6.97,5.94,1.18,A,5972.1
73.13,29.6,757,6.15,7.19,1.87,B,4968.7
78.55,52.6,683,4.49,7.52,2.61,A,4164.9
77.22,51.1,828,6.61,6.57,1.75,D,5201.6
73.2,34.8,888,8.95,6.76,1.74,A,6715.4
80.8,42.6,936,6.59,6.6,2.44,D,5700.9
69.59,44.6,1043,7.52,6.77,2.53,B,6094.3
78.08,43.7,979,8.93,6.44,1.96,B,5964.9
77.97,48.3,871,9.04,6.48,2.34,A,6733.2
73.45,59.3,870,5.84,6.95,1.46,B,5115.4
76.63,55.8,977,9.99,7.67,2.69,D,6586.7
68.74,31.9,1091,10.25,5.8,3.07,A,6816.1
79.62,51.2,919,5.74,6.45,2.26,B,4619.7
74.08,58.3,830,6.35,5.91,0.96,A,5857.8
72.39,48.9,751,10.38,7.3,1.72,B,6791.1
80.25,55.9,683,7.71,6.21,2.31,A,5834.1
71.48,65.1,1000,3.56,5.78,1.79,B,5137.1
67.96,55.2,987,5.2,6.82,2.64,D,5267.2
67.22,47.5,987,7.5,7.37,2.29,B,6037.1
78.03,55.5,881,5.67,6.83,1.65,B,5049.9
68.6,46.4,1111,7.17,6.6,2.02,B,6357.7
83.77,45.2,827,8.06,6.7,1.55,A,5455.2
64.59,41.5,1043,10.92,7.21,1.91,B,7855.2
83.48,60.6,894,7.42,6.06,1.72,B,5944.3
76.06,36.8,809,10.15,6.44,2.59,A,6700.8
74.52,60.3,989,10.86,6.27,3.06,C,7933.7
72.28,50.0,961,10.87,5.92,1.28,B,7305.7
77.0,31.0,954,8.57,6.34,1.04,C,5761.0
74.81,48.7,912,4.07,7.05,1.88,D,4970.5
80.52,24.0,894,8.92,6.78,1.24,A,5458.6
75.57,51.3,1258,10.1,6.82,2.02,B,6126.2
75.75,53.9,1078,7.84,6.57,2.37,B,6038.9
73.18,39.1,1008,11.49,6.76,2.75,A,7296.8
74.72,46.2,917,9.72,6.1,2.1,C,6029.0
76.54,64.5,1051,9.14,6.35,1.9,C,7326.8
66.45,39.9,978,10.17,6.6,1.01,B,7141.9
68.26,34.4,904,8.67,6.64,2.01,B,6481.7
78.72,59.8,854,3.01,6.66,2.04,A,4045.7
75.85,64.6,888,7.0,6.43,2.32,B,5638.0
74.08,45.0,424,10.39,6.31,1.65,C,6675.8
75.09,55.1,932,6.38,8.08,1.78,B,5038.0
76.74,58.4,827,7.55,6.95,1.26,B,6351.6
72.3,37.6,1139,5.91,6.71,0.85,C,5222.2
71.11,40.1,903,11.57,6.38,1.45,B,7467.1
75.98,57.3,722,11.36,6.27,1.21,B,7406.7
70.11,61.9,893,6.23,6.43,2.17,B,6366.3
77.04,50.6,743,8.29,6.65,1.74,B,6545.6
66.49,36.2,971,6.64,5.56,1.73,C,6336.0
80.15,64.9,944,9.23,5.72,1.51,D,7047.6
77.36,39.7,1044,9.02,6.18,0.5,A,6467.6
76.28,41.6,781,9.62,6.6,2.75,D,6009.1
79.91,48.4,905,8.66,6.38,1.5,B,6062.5
83.33,60.5,695,13.87,7.24,1.79,C,7868.9
80.07,53.5,1005,5.94,5.76,1.27,D,4786.2
65.8,49.1,978,4.58,6.12,2.49,B,5651.7
68.6,49.6,974,7.21,7.26,2.07,C,5837.2
71.88,45.4,900,4.86,6.57,1.59,A,5336.0
75.13,50.6,962,5.02,6.94,1.8,A,5150.8
77.59,20.0,1141,6.0,7.53,2.84,C,4349.8
71.37,42.0,857,6.16,6.15,1.96,D,5659.2
75.93,47.4,921,6.09,6.45,1.91,D,5084.2
71.22,33.5,737,9.04,6.36,1.53,C,6957.5
71.94,48.9,770,6.99,5.52,1.05,B,6157.2
67.97,43.0,915,7.64,6.34,1.92,B,6364.8
70.38,62.6,1066,9.79,6.94,2.16,D,7170.2
68.24,60.7,862,6.47,6.77,2.55,B,5794.6
70.12,40.3,865,7.47,6.81,0.88,C,6156.3
80.27,43.5,839,8.73,6.31,1.44,B,6090.7
70.25,44.3,820,4.12,6.17,1.71,C,4559.9
88.16,40.5,944,3.23,7.13,2.0,B,2645.0
77.47,47.0,675,8.69,6.25,1.93,D,5813.7
75.92,37.4,1092,8.98,6.65,1.94,B,6527.5
70.71,33.7,800,12.13,6.58,2.2,D,7390.6
78.5,51.2,1008,8.32,7.23,1.55,A,5896.0
72.12,51.3,710,9.64,6.99,2.47,B,7244.0
75.61,37.0,1000,7.61,5.85,2.22,C,5402.2
87.8,54.0,1001,8.59,5.91,1.84,C,5635.4
74.52,38.7,958,11.33,6.79,2.8,D,6852.7
80.75,47.5,751,3.75,6.47,2.78,A,4408.5
71.48,53.2,937,8.83,6.27,2.47,A,7356.3
74.83,44.7,723,12.27,7.01,0.5,B,7954.0
83.85,49.5,862,8.56,6.59,2.79,A,5942.8
71.87,39.8,1054,11.3,6.53,2.4,D,7196.2
84.06,43.0,1020,6.74,6.89,3.0,A,5338.6
78.54,42.9,902,7.94,6.31,2.62,B,5772.0
72.19,37.5,754,8.07,7.28,2.79,A,6004.8
78.16,43.2,997,3.56,6.11,2.44,B,4019.6
79.86,29.5,903,5.66,6.83,2.67,B,4178.6
78.11,40.1,552,5.81,7.22,3.0,A,5004.4
67.15,42.2,1017,9.64,5.81,2.11,B,7374.8
71.36,42.4,896,9.74,6.33,1.21,B,7404.4
73.76,42.6,1080,8.65,7.07,1.85,D,6291.9
74.63,44.4,736,9.65,7.08,2.19,A,6248.6
78.1,49.8,423,7.67,6.41,2.04,B,5550.4
75.89,53.7,942,10.4,6.13,1.38,D,7306.9
68.32,38.5,944,8.02,6.98,1.18,C,6056.9
76.9,33.0,646,8.12,7.09,1.63,D,5172.2
78.05,34.6,753,7.47,5.92,2.4,D,5756.0
77.8,40.1,1313,9.37,5.9,2.79,B,6223.4
80.4,41.5,854,7.16,6.61,2.46,C,5219.8
79.17,37.3,1010,9.95,6.81,2.53,A,6338.4
77.3,32.0,802,5.74,6.35,1.96,B,4475.5
74.65,40.4,586,5.8,6.84,1.13,C,5424.6
66.7,46.8,874,9.37,6.14,1.77,B,6852.1
77.15,51.0,860,7.82,5.44,1.87,C,6249.0
76.04,39.4,840,7.09,6.29,1.75,C,5569.3
76.36,40.9,883,9.78,6.53,2.03,B,6503.5
68.62,35.7,940,6.79,6.36,2.22,D,5294.9
69.59,44.7,877,7.6,5.92,2.43,B,6491.2
80.27,36.5,710,10.8,5.59,1.86,A,6976.9
74.8,50.7,973,11.08,6.24,1.05,D,7350.0
78.41,27.1,608,11.14,6.95,1.76,B,6700.1
75.14,41.4,592,7.44,7.13,2.02,C,5604.1
75.15,48.0,1011,10.46,7.09,2.61,B,6514.0
79.69,46.8,976,6.1,6.09,1.72,B,4879.3
72.42,71.9,891,6.19,5.92,2.26,C,6537.1
75.48,48.5,691,3.3,6.75,2.15,B,4170.0
72.69,35.0,794,11.35,6.82,2.02,B,6974.7
72.83,44.0,861,6.27,6.7,2.47,A,5068.3
73.45,27.2,661,7.75,5.49,1.67,D,5584.4
76.11,44.2,789,6.18,6.07,1.71,A,5149.9
72.61,36.7,998,9.39,6.49,1.99,D,6265.8
81.28,54.2,1114,7.25,6.74,1.68,B,5060.2
70.53,39.5,837,5.39,6.88,2.25,C,5319.4
74.07,43.8,1013,8.88,6.57,1.64,D,6720.3
72.8,38.6,613,5.13,6.67,2.11,A,4347.3
82.23,62.4,999,6.33,6.54,1.95,B,5392.9
75.98,41.8,779,3.79,6.84,2.11,C,3806.1
80.16,63.3,946,5.15,6.66,1.77,C,4936.9
67.57,53.1,863,8.36,6.53,1.83,B,6696.5
76.34,49.8,1098,4.07,6.37,2.05,C,4407.1
79.45,48.7,769,5.04,6.54,2.1,C,5201.8
75.41,48.9,994,8.0,6.74,2.0,C,5915.4
80.33,25.7,858,6.91,6.63,2.85,C,4405.7
72.41,42.2,876,11.98,6.69,1.5,B,7462.0
82.05,53.5,872,11.67,7.17,1.97,D,7437.2
86.49,44.5,773,6.26,6.63,1.21,B,4139.9
73.19,30.9,898,9.11,6.18,2.19,A,6025.4
72.77,44.5,891,9.5,6.94,1.44,B,7124.5
82.27,62.0,936,6.81,5.82,1.86,A,5748.0
82.9,57.5,913,5.01,5.96,1.81,A,4833.3
72.39,44.4,1020,7.98,6.67,2.14,B,6752.5
72.9,54.5,1039,7.65,6.76,1.72,A,6308.3
73.59,41.3,742,7.13,5.88,1.7,C,5559.6
68.28,28.0,1030,8.88,6.31,2.72,A,6244.1
70.41,35.8,722,6.5,6.2,2.14,A,5119.1
69.98,60.6,988,5.7,6.26,1.72,A,6246.5
71.16,42.3,993,8.22,6.97,1.87,A,6363.2
74.83,42.6,613,8.77,6.85,2.82,B,6390.4
76.17,42.0,914,5.65,6.49,1.88,B,5298.8
82.75,64.0,830,9.86,6.23,1.66,D,6709.1
70.01,61.3,786,4.46,5.83,1.66,D,5157.6
79.92,67.2,1103,6.84,7.21,1.73,D,5712.4
73.93,43.4,802,7.48,6.8,1.7,A,5512.1
74.75,48.0,779,6.73,6.15,1.36,B,5744.7
78.37,29.8,911,6.87,6.86,1.44,A,5297.5
69.39,59.8,1003,11.74,6.46,1.59,C,8226.5
76.91,33.3,879,6.3,6.36,2.3,A,4957.5
75.83,47.2,1075,12.88,6.72,1.81,B,7944.6
77.46,34.0,980,8.87,6.13,1.9,A,6273.9
76.45,39.1,573,8.18,6.33,2.64,A,5549.9
87.28,36.6,821,8.95,6.56,2.65,D,4688.4
71.81,38.9,816,13.06,6.25,1.86,C,8256.8
72.35,39.6,972,6.01,6.83,1.68,C,5510.0
71.88,39.5,506,5.76,7.43,1.57,B,5070.0
72.22,53.3,1282,6.49,6.12,2.35,D,5701.3
71.81,34.0,980,8.06,5.67,1.9,C,5797.9
80.95,47.2,922,4.55,5.5,1.81,D,4695.1
82.1,57.2,1077,8.04,6.42,1.59,B,6034.8
72.15,39.9,1252,11.39,6.17,1.62,B,7540.1
70.84,37.8,1031,8.3,6.6,2.16,C,6732.4
77.36,42.7,1042,7.41,6.57,1.34,B,5368.7
72.24,56.8,920,6.76,5.7,2.5,D,6618.1
78.16,46.9,879,9.8,5.59,1.73,D,6795.9
76.01,39.7,829,6.35,6.65,1.93,B,4563.6
67.42,49.8,776,11.69,6.57,1.33,B,8032.6
82.74,34.0,797,11.87,6.29,1.99,B,7122.3
83.98,51.8,697,8.51,5.67,1.84,D,5874.1
71.94,49.1,889,7.98,6.74,1.97,C,5792.4
73.06,41.9,647,10.06,7.14,2.74,A,6568.2
76.43,36.6,929,10.19,6.64,2.09,B,6297.3
76.67,36.1,895,6.39,6.08,1.6,A,5309.1
78.29,50.3,922,6.95,6.52,1.64,C,5787.4
85.05,57.3,822,5.36,5.82,2.3,B,4425.6
74.12,38.6,1362,8.82,7.03,2.65,B,5935.8
71.01,49.6,1104,9.33,6.54,2.14,C,7137.9
68.1,24.1,713,5.3,5.62,2.34,A,4664.5
71.35,39.2,935,7.09,6.35,2.3,A,5395.9
74.83,44.7,809,5.31,6.73,2.71,B,4440.2
83.97,35.9,748,6.2,6.33,1.03,A,4726.1
72.41,35.6,699,9.1,6.36,2.33,B,6413.7
76.12,38.3,965,6.53,5.89,2.49,D,5065.1
74.92,47.9,798,7.4,6.78,1.33,C,5833.7
80.94,43.1,1045,4.75,6.18,1.56,D,4896.1
87.63,22.6,1049,8.37,5.42,1.57,D,4832.7
72.35,23.8,1106,7.91,6.31,1.64,B,5127.9
72.55,38.9,772,6.54,6.99,1.76,B,5453.9
80.22,49.6,971,7.62,6.31,2.12,A,5662.7
78.41,20.0,995,8.36,7.37,2.43,C,4908.6
84.23,40.0,829,6.37,6.71,2.54,C,4758.6
77.92,39.7,784,5.05,6.67,1.58,A,4753.9
73.2,58.9,1141,11.61,6.44,1.58,B,7345.2
77.95,41.1,934,6.73,6.47,2.66,B,4977.0
80.54,48.8,995,7.81,6.37,2.32,B,6399.1
79.1,46.4,777,10.02,6.35,2.04,D,6779.3
77.54,23.7,717,15.0,6.77,2.24,B,8209.7
80.33,52.7,815,5.51,6.03,1.99,D,5311.3
80.85,47.2,881,8.9,5.96,2.26,B,6150.7
81.91,50.1,740,6.58,5.94,1.83,C,5487.6
78.24,80.0,899,6.92,7.52,2.13,D,6251.5
74.16,24.2,647,6.56,6.77,1.24,D,5091.5
75.73,62.2,732,5.75,6.65,1.66,A,5365.4
81.03,42.1,1001,7.92,5.97,1.66,A,5749.5
70.92,47.9,991,5.05,6.81,1.81,B,4940.3
76.84,44.5,841,9.89,6.44,1.54,B,6690.5
73.03,40.8,747,8.11,6.61,1.73,C,5685.1
75.14,39.3,746,8.84,6.01,1.24,D,6097.2
81.39,48.3,844,7.07,6.58,2.27,A,5191.5
75.96,29.8,997,7.27,6.29,1.96,B,5057.3
75.23,52.5,1039,8.58,6.12,1.15,A,6446.9
68.2,40.8,826,5.67,6.87,1.58,D,5281.9
78.73,33.7,727,7.28,5.73,2.17,D,5435.2
78.23,40.5,940,6.28,6.78,1.73,B,5274.6
85.82,57.6,776,6.22,6.84,1.65,A,4760.4
73.46,39.6,822,3.78,6.06,1.96,C,4752.3
76.1,48.6,1099,10.68,6.09,2.17,C,7486.5
76.25,37.7,1024,6.63,6.39,1.28,B,5468.4
82.89,52.6,924,10.33,6.64,2.28,D,6647.1
74.52,51.9,709,10.14,6.42,1.6,D,7172.9
76.4,63.5,932,5.43,6.72,1.99,B,5674.6
78.04,43.2,1059,5.82,7.38,1.98,B,5132.4
75.93,51.7,844,13.12,6.25,1.74,B,8630.9
72.77,46.0,1103,11.5,5.64,1.49,B,7839.8
75.97,58.0,1094,7.94,6.91,1.86,B,6382.5
80.37,37.8,1150,8.51,7.34,2.81,B,5912.5
69.87,52.5,946,6.74,6.7,1.32,A,5845.4
75.66,43.1,988,8.86,5.96,2.85,B,6208.6
71.5,44.4,1112,6.57,6.44,1.87,A,5697.9
80.98,45.9,967,3.94,5.94,2.02,B,4436.9
67.38,47.5,825,5.36,6.82,1.46,C,5717.3
72.21,43.8,833,8.04,5.82,1.61,C,6251.5
76.89,47.1,936,5.74,6.35,1.75,B,4650.4
82.83,60.8,706,7.87,6.0,1.48,B,6063.9
74.67,54.9,879,5.85,6.56,1.9,C,5129.3
72.22,53.7,1064,6.44,6.32,1.8,B,5405.9
84.41,40.4,571,9.71,6.59,2.93,D,5454.2
67.76,36.1,1130,8.49,6.51,1.42,B,6615.1
64.01,54.6,1068,7.98,6.01,2.05,C,7431.2
77.2,53.8,831,9.76,6.81,2.12,A,6718.0
72.49,59.7,982,8.96,6.48,1.46,C,7046.4
69.89,39.0,900,10.89,6.01,2.34,D,7737.1
78.54,42.7,1084,7.08,7.62,1.8,D,4736.6
76.22,28.6,1047,7.14,6.74,0.75,D,5440.8
72.18,41.1,690,5.4,6.42,2.33,B,4972.1
68.6,55.0,988,7.14,7.21,1.44,B,6396.8
79.36,40.3,869,9.93,7.42,1.48,B,6115.4
78.25,51.4,912,10.6,6.43,2.34,B,6747.3
74.5,43.1,791,9.92,6.67,1.83,A,6758.3
84.23,48.2,1162,4.41,6.01,2.46,D,4696.8
69.65,33.5,1056,10.17,6.43,2.61,D,7149.3
67.37,45.9,789,4.32,6.4,1.68,B,4890.8
71.54,20.0,700,9.8,6.59,2.4,B,5805.6
74.77,43.1,842,7.26,6.67,1.62,A,5166.0
76.22,28.7,965,9.41,6.78,3.12,C,6326.6
73.79,57.1,936,5.34,6.62,1.65,B,5044.5
76.76,52.8,1088,10.34,5.89,2.51,D,7040.4
68.74,49.7,1018,5.07,6.03,2.42,C,5796.9
82.22,60.2,1045,6.66,6.23,2.16,C,5001.1
74.59,35.5,949,6.0,6.36,1.66,B,5513.2
80.59,62.5,692,4.49,7.03,1.92,A,4487.9
76.71,54.3,871,8.19,5.92,0.92,D,6084.4
77.28,42.6,1059,11.61,6.32,2.11,C,7235.8
77.85,56.4,892,13.33,6.98,2.17,D,7920.4
77.24,33.9,975,8.19,6.35,2.07,B,5842.5
78.21,36.8,852,10.23,6.73,0.51,C,6398.0
81.65,38.9,746,8.46,6.43,1.37,A,5112.6
75.98,39.7,881,9.0,6.63,1.63,C,6154.8
78.55,34.4,946,7.32,6.39,2.15,C,4865.0
74.55,57.2,802,8.39,6.83,2.14,C,6454.2
82.2,42.4,865,9.07,5.73,1.91,C,5738.0
71.62,48.5,759,6.84,6.32,2.32,A,5663.3
84.0,39.3,1068,7.85,6.65,1.49,D,5370.1
74.8,26.8,856,7.88,6.77,2.31,D,5358.7
67.85,47.7,1118,9.65,7.25,2.24,A,7108.5
75.64,25.9,1129,5.87,6.3,2.19,D,4905.9
71.59,44.3,888,7.9,7.24,1.91,B,5662.3
79.2,31.3,749,11.82,6.17,2.92,C,6865.1
71.74,64.9,587,10.33,7.16,2.25,B,6409.9
72.77,54.1,679,10.7,6.91,1.52,D,7442.7
65.55,46.1,694,8.05,6.04,2.12,A,6565.3
72.74,57.6,1107,8.64,6.65,2.38,B,6391.4
62.88,36.5,917,10.0,6.47,1.71,B,7455.1
67.08,50.4,958,11.12,6.81,2.54,B,8110.7
78.8,47.0,567,4.1,6.39,2.19,C,4059.4
78.93,47.6,720,5.37,6.35,0.83,A,4611.4
77.13,57.7,1033,10.62,7.18,2.15,C,7167.2
70.17,52.3,943,7.45,6.45,1.8,D,5894.8
74.76,47.9,878,6.66,6.91,2.27,C,5242.1
74.98,28.5,985,5.49,6.39,2.47,D,4948.0
69.21,35.4,1145,6.89,7.33,2.1,B,5559.8
82.52,43.8,867,5.2,6.16,2.83,B,3815.5
79.39,45.9,910,12.18,6.19,1.91,B,6971.3
73.9,33.7,929,7.96,7.26,2.31,A,5641.5
75.13,69.1,1259,7.88,6.28,2.4,D,6888.2
76.04,60.2,585,9.18,7.3,1.95,A,6088.5
64.79,51.0,1002,9.92,6.95,2.39,D,7565.2
73.76,45.7,883,9.89,6.42,1.7,A,7294.7
71.59,42.9,985,10.15,5.59,1.79,C,7801.3
69.99,35.5,801,6.74,6.49,1.34,A,5710.0
73.59,45.8,893,7.4,6.55,2.12,A,5998.7
83.99,47.6,1007,9.54,7.08,2.16,C,5393.8
78.2,32.6,1367,6.95,7.29,2.59,B,5585.9
72.14,48.3,1021,7.99,6.16,2.4,C,6136.3
77.86,43.4,773,8.8,6.9,1.86,B,5742.1
82.0,25.9,836,9.57,6.88,1.41,A,5629.5
79.62,36.4,832,4.44,7.04,2.22,D,4401.3
75.3,40.9,631,9.43,6.75,2.56,B,6958.6
71.77,63.9,850,7.53,5.53,2.38,C,6668.2
78.49,50.6,1010,9.41,6.42,2.54,B,6783.4
76.97,31.6,709,9.55,5.92,1.89,C,6275.5
79.48,49.9,1057,11.22,6.4,1.77,B,6908.0
78.18,29.5,973,10.71,6.99,1.63,A,6906.9
80.25,55.8,790,10.69,6.65,1.97,B,6801.7
72.32,40.3,879,10.89,7.07,1.96,B,7548.3
81.59,44.1,1140,8.58,6.67,2.1,B,6212.5
75.99,58.3,1010,8.06,5.85,1.94,C,6645.4
85.38,32.1,901,9.75,5.24,1.93,C,6566.6
71.55,31.0,864,9.46,6.57,1.61,A,7134.7
83.68,39.2,911,7.38,6.39,2.47,B,5015.1
75.99,55.4,823,8.81,6.01,2.04,B,6365.0
71.74,29.8,584,7.93,5.65,1.91,A,5348.9
72.58,20.0,1206,6.29,6.13,1.63,A,5687.5
73.4,40.5,923,10.58,6.4,1.33,A,6979.5
77.12,50.5,960,8.11,6.83,2.65,D,6280.3
77.61,57.0,891,12.1,6.59,2.28,C,7516.5
72.13,40.4,790,4.75,7.3,1.19,A,5120.7
74.88,40.9,872,6.89,5.98,2.38,A,5313.8
85.71,56.5,660,8.07,6.94,2.46,C,5137.2
83.64,26.3,1242,10.27,6.52,2.06,B,5924.0
77.18,41.1,715,8.8,6.85,2.8,C,5750.6
75.19,46.9,745,8.62,6.28,2.11,D,6470.3
75.6,49.5,834,5.75,7.04,1.29,B,5114.5
78.07,39.9,1093,5.69,6.65,2.18,A,4947.1
69.89,45.3,902,8.65,6.16,2.12,C,6547.3
73.71,20.1,715,5.27,6.49,1.7,D,4163.6
66.66,38.4,1088,6.94,6.38,2.29,B,5773.4
77.0,49.5,1010,9.0,6.74,1.17,C,7069.2
78.24,35.2,981,6.04,5.91,2.5,B,4931.6
72.58,45.6,1007,11.21,6.49,1.56,B,6922.2
82.87,49.5,1259,10.45,6.7,1.51,C,6549.2
68.87,41.6,1228,4.86,6.52,1.94,D,5127.0
67.68,46.7,797,6.14,7.17,2.22,C,6117.7
76.12,35.4,1144,3.43,6.89,2.08,C,4140.1
80.24,42.9,957,6.43,6.5,1.63,A,4786.0
83.42,51.1,975,9.53,6.61,1.75,A,7009.6
72.71,46.6,646,7.17,6.65,1.43,B,5817.8
80.39,39.1,874,8.92,6.7,1.89,A,6243.1
74.81,47.2,778,4.96,5.59,2.54,C,4612.7
74.14,52.1,1024,9.6,6.35,2.0,B,6209.6
79.42,24.5,1061,6.89,5.76,2.43,C,4498.4
78.26,56.6,589,8.02,7.14,2.73,C,4870.9
67.12,41.6,897,7.81,6.47,1.71,B,6988.0
82.38,49.3,1068,5.46,6.4,1.91,A,4777.9
81.9,57.0,872,5.69,6.95,3.09,C,4486.6
71.87,31.3,1009,9.94,6.71,2.72,D,6667.2
76.98,37.9,953,8.8,5.94,1.16,C,6291.9
77.47,42.1,951,10.1,6.46,2.19,A,6809.0
76.3,37.2,859,8.65,6.33,2.0,A,6378.8
72.25,62.3,718,8.29,5.63,2.41,B,6727.9
71.64,36.4,732,4.55,6.15,1.63,A,4420.2
74.87,39.4,1006,7.46,6.41,1.58,C,5987.4
80.86,47.0,903,7.95,6.44,1.66,C,5969.0
77.72,33.0,879,11.91,5.76,1.71,B,7306.8
73.15,41.0,836,9.37,7.08,2.41,B,7051.4
78.86,48.2,854,11.07,6.45,1.41,A,7010.5
60.76,41.7,1057,9.2,6.52,1.69,D,7043.2
80.74,44.1,850,6.58,6.7,1.11,B,5232.7
66.3,39.7,699,8.23,6.11,2.5,C,6274.0
73.19,29.9,1012,8.47,6.73,2.64,B,5985.9
69.4,48.2,869,6.12,6.32,1.84,C,5467.0
68.53,62.5,905,7.23,6.05,1.85,B,6510.1
80.8,45.2,1141,7.59,6.79,2.23,B,6032.2
72.66,47.3,897,11.21,7.25,2.74,C,7140.9
76.73,51.9,943,3.84,6.86,2.2,B,4085.7
74.77,32.3,723,10.41,6.96,1.65,B,6924.8
77.39,62.0,867,6.13,6.24,1.19,A,5349.2
75.38,47.0,991,5.26,5.7,1.44,B,4960.8
68.59,61.3,667,10.36,7.25,2.04,B,7715.4
79.98,37.7,930,9.46,7.53,1.67,C,6223.2
72.53,63.2,915,10.51,7.27,2.1,D,7816.4
67.22,52.8,906,9.6,6.33,1.72,A,7144.6
72.86,50.5,1056,12.12,5.92,1.47,A,8297.9
82.5,47.3,950,9.12,5.97,1.41,A,6095.9
79.25,42.5,1122,7.69,5.66,2.78,B,5515.5
73.26,57.0,751,8.69,6.45,2.44,B,6981.5
73.25,46.4,920,10.49,7.3,2.87,C,6731.8
73.39,25.3,913,6.44,6.43,2.27,A,5059.4
85.38,33.8,740,6.7,6.65,1.79,B,4587.0
76.91,43.1,1043,7.38,7.19,2.66,D,5100.5
77.15,48.1,1249,3.79,6.3,1.98,D,4671.5
80.15,44.4,897,8.28,7.52,2.11,D,5745.2
76.19,57.2,976,4.23,7.5,1.98,C,3951.4
73.7,25.5,913,8.11,6.43,0.53,D,5883.6
74.02,46.4,793,9.73,6.21,2.8,A,6516.3
74.64,26.8,627,7.05,6.85,2.25,A,5370.7
74.81,52.6,794,11.35,6.33,2.16,A,7111.3
78.64,44.1,691,5.08,5.92,1.97,C,4564.7
75.26,49.2,1156,10.38,7.14,2.08,D,7070.8
78.66,36.4,883,9.35,7.11,1.7,A,6030.4
74.6,57.8,848,4.57,6.58,2.31,C,5148.4
75.39,55.4,1033,13.42,5.87,1.35,C,8173.3
65.01,50.8,732,7.87,5.89,2.09,D,7274.9
79.58,43.7,785,6.25,6.55,2.28,C,5091.5
76.73,50.8,910,5.19,6.25,1.9,D,5390.2
79.99,37.9,1054,7.56,6.33,2.19,B,5661.6
60.52,53.6,975,7.75,7.01,1.5,B,6944.8
85.44,61.5,937,8.21,6.87,1.52,B,5470.1
74.3,55.7,912,7.4,7.19,2.12,B,5759.9
80.54,37.7,960,9.27,6.0,2.34,A,6550.7
69.8,48.6,930,7.22,6.33,1.06,C,6647.0
78.06,32.1,746,4.13,6.88,2.26,C,3631.1
69.73,50.7,907,7.7,6.72,1.73,C,5482.9
71.88,49.5,739,3.27,7.27,1.9,B,4171.2
84.57,26.3,912,8.71,6.71,1.33,B,5187.4
74.05,33.4,828,6.04,7.42,1.57,B,4756.7
76.09,42.2,1281,8.33,6.77,2.48,A,6132.1
79.35,42.0,894,10.63,7.03,2.02,B,6873.8
77.48,32.9,689,6.1,6.34,1.81,A,5101.4
75.75,48.9,880,10.12,6.51,1.94,A,7040.2
76.82,47.5,978,7.13,6.96,2.24,C,4971.5
87.02,43.1,1151,11.51,7.31,2.22,A,6402.5
74.71,37.4,812,7.27,6.86,1.96,D,6145.6
76.01,55.5,663,6.32,6.46,2.55,B,5552.9
80.25,61.6,1023,9.37,7.19,2.49,D,6602.0
80.53,40.2,693,7.13,5.4,2.21,A,5468.8
80.94,38.9,835,6.32,5.79,2.03,B,5073.7
78.19,49.9,861,7.04,6.84,2.33,B,4730.2
69.28,41.4,890,7.91,6.51,2.16,C,6131.6
83.17,43.6,1003,10.68,6.8,2.53,B,6449.6
69.27,52.4,797,4.13,6.53,2.45,B,5299.1
76.51,25.9,859,8.05,6.79,1.49,D,5455.2
71.23,58.2,898,9.25,6.09,1.46,B,6702.1
74.68,45.7,922,8.39,6.79,1.65,A,6308.7
76.64,40.9,915,10.62,7.0,2.49,B,6464.9
76.61,44.1,965,7.85,7.11,1.21,C,5431.6
77.11,44.6,1027,7.63,7.51,2.2,B,5275.4
83.07,27.7,959,9.18,6.62,2.18,B,5693.9
77.27,59.9,968,8.2,6.64,2.58,A,6627.8
73.78,45.4,663,7.22,5.74,2.09,B,6017.0
79.82,49.4,908,9.03,6.23,1.33,C,6550.9
80.95,54.5,972,6.69,6.4,1.52,B,5587.6
68.86,34.8,1009,6.78,7.03,1.41,B,5635.4
77.99,49.7,796,6.94,6.19,1.73,A,5798.1
78.51,42.3,801,10.71,6.9,1.91,A,5994.3
73.51,53.5,814,3.0,6.5,1.42,A,4380.5
81.88,23.7,980,8.79,6.41,2.74,B,5023.8
74.25,44.0,1055,8.07,6.62,1.34,B,6473.9
75.63,39.0,839,4.64,6.3,2.67,D,4387.4
74.13,49.3,1036,8.62,6.29,2.59,A,6432.9
75.08,49.7,919,8.95,5.65,2.45,B,6176.2
69.52,37.9,881,9.18,6.38,1.65,B,6989.5
67.8,37.9,868,3.0,6.26,2.17,B,4471.7
82.97,43.9,1012,10.73,6.24,1.36,D,6897.0
70.77,36.0,949,6.52,6.71,2.46,A,5123.4
70.04,53.4,1241,9.37,6.83,1.96,A,6836.2
64.23,41.3,772,9.48,6.62,1.8,C,7190.3
71.81,20.0,978,6.25,7.0,1.39,B,4639.2
68.38,41.3,821,9.32,6.79,0.76,A,7017.5
83.21,34.6,770,7.23,6.35,1.48,B,4351.4
80.05,28.7,898,3.86,6.27,2.56,B,3481.2
71.56,32.6,921,10.34,6.66,1.8,C,7368.3
86.26,46.1,1338,6.45,6.79,1.92,A,4907.1
79.91,58.3,872,6.29,7.2,2.33,B,5231.0
73.38,48.1,730,7.19,7.1,2.9,B,6210.6
62.5,38.9,941,8.54,6.23,2.66,B,6116.3
86.45,49.6,589,7.89,6.45,1.51,D,5137.9
68.05,40.4,886,9.1,6.84,1.03,A,6652.5
66.77,38.1,902,5.32,7.03,3.18,D,5286.6
80.11,33.5,1019,6.52,6.97,3.13,B,4894.9
87.2,27.5,1046,7.77,6.47,2.09,C,4508.7
81.92,41.1,824,11.8,5.87,1.36,B,7483.8
77.82,46.6,877,7.77,6.0,2.48,B,5710.5
77.97,44.0,785,10.17,6.64,1.95,D,6989.2
79.27,40.8,731,8.08,6.67,1.94,D,5303.6
78.79,35.5,946,7.03,5.95,2.45,A,5191.4
76.41,51.1,709,7.51,6.52,2.17,A,5668.9
75.52,31.8,838,7.66,6.82,1.41,B,5810.3
74.69,52.8,751,9.21,5.92,1.84,D,6645.4
71.23,35.0,982,10.75,7.05,2.33,B,6940.5
73.6,37.5,1170,8.72,6.31,2.26,C,6407.2
66.54,30.3,705,10.37,7.13,2.13,C,7081.5
74.51,40.0,622,6.07,6.23,2.47,C,5354.5
70.06,54.8,881,7.17,5.99,1.82,B,6394.0
69.48,50.2,902,6.55,6.27,2.09,B,5797.4
75.9,54.8,933,8.63,6.45,0.5,D,6508.4
81.96,50.2,833,7.28,6.31,1.78,C,5486.4
79.59,34.0,870,9.46,6.39,2.38,C,6089.7
67.15,41.7,955,6.14,6.67,1.8,B,5601.6
70.05,37.2,1056,8.09,6.41,1.77,C,6218.7
79.7,58.3,607,9.37,6.47,1.48,B,6149.8
70.09,33.0,845,3.87,5.65,2.5,A,4658.2
73.88,53.9,932,12.24,6.7,2.27,C,7987.3
77.75,53.9,762,7.43,6.46,2.41,B,6077.4
70.16,63.3,1160,3.95,7.31,1.14,C,5110.1
75.53,40.9,805,8.32,6.03,1.92,B,5558.8
68.33,52.1,894,8.07,5.6,1.86,B,6696.1
71.99,67.8,983,7.84,6.81,1.86,B,6599.2
76.6,38.8,811,9.98,6.67,1.69,B,6748.9
67.04,29.6,623,9.49,6.0,1.83,B,6138.8
77.2,26.2,836,8.6,5.74,2.42,C,5751.1
74.9,52.1,1054,8.9,7.27,1.04,C,6676.1
77.76,26.2,849,7.79,7.21,2.89,B,4846.1
76.12,41.3,773,11.55,5.26,2.24,B,7486.7
81.82,49.4,1039,5.04,6.27,1.98,C,4409.3
75.63,46.9,850,8.28,7.33,2.45,C,5684.9
72.85,49.3,823,8.13,6.26,1.27,C,6274.6
75.61,47.2,922,9.63,6.25,1.67,C,6548.1
77.72,57.8,1016,6.31,6.36,1.94,B,5749.2
75.24,35.5,1257,4.51,5.94,2.68,B,4252.1
75.2,38.2,1024,8.31,5.65,1.98,B,5875.8
71.49,37.3,1074,8.56,7.03,2.23,A,6684.8
71.69,53.3,824,10.98,5.58,1.71,C,8089.9
67.99,54.0,746,5.46,6.62,2.24,A,4996.3
83.75,49.5,909,10.31,6.94,2.84,D,6116.6
68.78,56.8,916,12.73,5.77,2.5,C,8739.3
71.54,33.2,738,7.24,6.04,1.96,D,5777.4
71.41,61.7,874,5.42,7.11,2.34,D,4997.1
79.47,60.2,960,7.19,6.77,2.29,B,6069.1
73.53,52.4,954,8.03,6.19,2.25,C,6583.4
81.24,62.8,976,9.13,7.1,2.56,A,6511.0
71.63,28.4,944,6.82,7.1,2.55,A,5559.6
76.39,39.8,824,11.11,6.63,1.94,C,7134.3
70.82,37.6,823,5.77,6.05,2.32,A,5357.2
85.73,52.2,720,4.52,6.29,1.81,D,4642.3
69.06,34.5,1168,10.21,6.64,1.54,C,7385.5
76.55,52.6,902,3.45,6.41,1.87,C,4062.0
78.17,58.7,866,7.59,6.97,1.96,A,6087.3
77.07,52.0,761,14.24,5.74,1.17,C,8557.7
74.07,47.8,1340,7.98,5.75,2.43,A,6467.6
74.35,35.1,739,5.76,6.59,0.62,C,5131.4
75.22,36.5,836,7.89,6.25,3.36,A,5219.7
74.26,57.5,962,7.9,6.19,2.75,C,6284.4
79.82,52.8,990,8.32,5.62,1.87,A,6326.6
86.05,44.6,1044,9.32,6.51,2.0,A,5757.3
72.21,40.8,1171,5.92,6.47,2.15,B,5375.2
68.15,24.7,976,11.38,6.83,1.71,A,7480.6
74.56,34.3,742,8.49,6.53,2.1,C,5902.5
87.9,64.1,861,9.45,6.43,1.93,A,6370.5
70.98,32.2,946,6.74,7.09,1.95,B,5734.7
83.2,46.9,1210,10.57,5.84,2.09,B,6915.9
83.39,55.1,690,7.49,6.77,1.34,B,5578.3
72.23,32.5,1080,8.56,5.66,2.02,B,5993.2
77.84,46.8,927,6.13,6.08,2.08,C,5416.4
83.14,54.4,1026,6.01,5.89,2.06,A,5192.4
73.1,45.1,885,9.38,6.89,1.89,A,6987.1
73.98,73.7,774,7.11,6.47,2.57,B,6366.7
72.09,28.3,1013,6.29,6.49,1.82,B,4576.0
69.93,55.6,998,6.71,5.95,2.11,B,5668.5
71.75,43.3,1046,9.4,6.35,2.65,B,6930.7
68.88,52.7,898,6.74,6.12,1.96,C,5970.8
75.17,49.4,810,7.76,6.69,2.11,A,6074.9
71.15,37.7,666,8.03,6.0,1.95,B,6156.2
76.17,47.3,1023,4.17,7.16,2.62,B,4237.9
67.22,26.4,964,5.06,5.66,1.87,C,4994.6
76.65,51.0,755,8.67,6.1,2.64,D,6053.5
79.17,48.0,819,6.53,7.34,1.95,B,5056.4
65.03,51.4,830,10.11,6.28,1.57,D,7505.3
76.87,55.6,678,9.93,5.84,2.34,B,6872.1
81.14,48.7,777,9.44,6.61,1.85,A,6175.6
68.95,46.5,730,11.64,6.26,2.31,A,7775.2
83.36,36.2,838,7.83,6.08,0.64,B,5700.8
77.1,37.9,789,9.3,5.95,2.0,B,6268.6
71.47,56.9,656,6.83,7.88,1.77,A,6050.1
74.72,59.4,1203,12.9,6.37,1.47,B,8943.1
77.79,42.6,1088,11.97,5.54,1.72,B,7879.2
75.38,45.5,783,8.02,7.25,1.71,A,6019.5
77.69,36.0,941,8.77,6.81,1.98,B,5974.0
70.4,56.7,963,10.72,6.12,1.32,D,8079.0
75.85,51.7,1079,7.71,6.03,2.16,B,6142.9
67.93,64.4,777,6.69,6.84,2.68,C,6524.3
74.44,36.2,1064,9.75,6.38,2.14,C,6745.6
70.48,41.2,818,8.16,5.54,2.4,B,6272.2
71.32,47.3,700,8.37,7.39,2.55,A,6425.1
81.18,51.5,1009,6.33,6.28,2.62,B,5159.1
80.46,42.8,1094,4.56,7.25,2.94,B,4013.4
78.05,36.3,1288,8.47,7.14,1.75,B,5624.8
69.54,53.8,720,9.81,6.0,1.64,A,7426.9
73.42,52.2,1005,7.55,7.02,2.39,A,6277.0
81.07,35.8,839,10.87,6.17,2.35,D,6845.3
75.71,58.6,1018,6.59,5.57,2.39,B,6015.6
86.6,56.7,679,5.89,6.29,2.94,C,4841.8
76.97,46.3,711,7.87,6.7,2.01,B,6170.1
75.96,45.8,784,7.83,6.27,2.21,D,5857.9
73.45,50.5,912,9.54,6.35,1.51,B,6599.7
75.67,36.4,804,6.45,7.07,3.07,B,5279.5
74.24,45.3,999,10.74,6.55,1.83,D,7019.7
78.54,23.5,1054,11.93,6.08,1.85,C,6751.5
79.78,53.8,990,7.92,6.85,1.83,A,5332.1
71.07,29.4,1143,10.5,6.6,1.68,A,7082.6
68.34,60.0,962,5.89,5.24,1.64,C,5749.7
65.82,41.7,717,10.15,6.71,1.74,C,7055.3
77.54,42.9,1105,10.09,6.7,1.32,B,6884.0
69.48,38.7,809,9.73,6.51,1.61,B,7105.5
64.24,42.1,1037,7.97,6.95,2.97,C,6211.6
76.94,59.2,1136,3.0,6.16,2.37,B,4280.5
87.46,20.1,969,6.72,6.67,2.46,C,3793.7
74.97,57.8,676,6.75,5.72,2.59,A,5713.8
79.19,48.4,762,6.04,6.7,2.92,D,4975.3
75.41,32.9,1098,8.24,7.48,1.11,C,5558.9
74.51,34.2,875,7.16,6.0,1.39,C,5513.3
79.6,61.8,912,6.35,6.12,1.6,B,5167.8
73.55,35.5,1014,5.88,6.14,1.77,A,5465.8
76.34,33.5,1004,6.57,6.56,1.85,B,5240.0
76.61,56.4,942,10.24,5.97,1.78,C,7464.9
71.66,48.4,869,6.68,6.71,2.11,C,6089.0
79.96,35.6,853,6.97,6.92,2.02,B,4717.6
74.13,47.2,1029,7.09,6.77,1.64,C,5647.2
71.22,34.7,983,8.68,5.62,0.91,C,5980.3
77.68,56.0,861,8.91,7.0,1.5,A,7368.8
70.51,55.6,1062,3.0,6.97,1.73,B,4461.2
75.14,50.3,881,10.04,6.92,1.88,C,7183.9
74.95,48.6,772,10.87,6.69,1.44,B,6869.4
80.43,62.6,786,5.9,6.61,1.75,C,5558.0
77.37,45.0,753,6.06,7.02,1.43,B,5565.9
74.87,33.2,859,7.1,7.46,1.94,D,5144.5
79.09,49.5,1085,6.49,6.02,1.46,A,5149.9
81.95,65.9,779,8.45,7.04,1.58,B,6157.4
77.79,34.9,928,4.11,6.46,1.35,A,3438.4
75.05,41.4,801,5.76,6.44,1.92,A,5006.8
68.44,49.2,861,11.08,5.73,1.57,B,8169.5
69.67,44.5,673,6.14,6.36,2.45,A,5495.6
73.47,35.2,867,10.49,6.0,2.2,D,6833.3
71.95,56.2,871,8.71,6.27,1.97,D,6954.9
74.07,68.2,981,4.38,5.95,1.6,B,5540.8
75.28,47.0,933,9.27,6.28,2.19,C,6079.9
77.65,36.0,720,7.76,6.3,2.35,B,5522.7
74.65,29.5,1063,7.09,6.55,2.07,C,6021.0
77.43,47.6,932,8.49,5.69,2.8,C,5806.6
75.32,56.0,930,8.95,5.78,2.23,A,6743.2
65.12,49.8,899,9.42,6.68,2.46,C,7782.9
70.3,45.0,822,10.36,6.1,2.07,C,7617.6
74.28,39.1,933,8.82,7.04,2.34,B,5938.7
68.95,34.1,971,5.25,6.61,1.6,D,5087.8
78.0,53.3,638,7.05,6.8,1.77,D,5564.0
82.65,54.1,819,13.89,7.21,2.17,B,7729.5
81.09,29.5,862,9.45,6.35,2.17,C,5816.5
73.93,60.9,938,12.74,6.21,2.25,D,8317.7
82.45,50.7,1079,10.79,6.94,2.55,B,6745.1
75.74,59.0,784,8.48,6.75,1.29,B,6276.4
73.31,31.6,825,8.6,6.41,1.51,A,5681.3
71.93,31.3,823,7.93,7.2,2.11,D,5639.9
73.49,43.5,780,4.52,6.39,1.64,C,5216.2
73.06,50.0,848,8.04,6.52,3.69,A,6103.7
75.85,63.0,1016,10.42,6.51,2.26,D,7267.2
75.8,52.1,742,6.8,6.03,1.96,C,5945.6
75.02,42.6,964,8.82,6.54,1.74,D,6256.3
77.18,34.7,645,9.7,7.2,1.76,A,6692.3
80.95,57.3,816,6.18,6.72,2.02,B,5163.5
79.75,35.4,851,7.1,6.52,2.06,C,5309.5
67.58,61.3,1151,5.96,6.42,1.77,B,5906.1
62.23,42.2,859,6.36,6.67,1.86,C,6165.6
79.67,60.9,570,5.42,6.87,2.67,C,4966.6
68.17,51.8,600,6.2,6.8,2.69,B,5657.4
73.88,43.6,905,10.84,6.33,2.13,C,7044.8
69.15,39.8,992,6.17,6.66,1.33,A,5355.4
65.99,41.6,956,8.25,6.74,2.27,B,6582.6
77.71,49.3,925,6.99,6.0,2.78,A,5764.1
78.8,45.8,1074,10.36,6.58,2.68,B,6651.0
72.12,39.1,819,10.62,5.42,2.37,B,7327.8
62.04,43.3,1034,9.73,6.74,2.71,C,7328.3
72.27,45.8,655,8.61,6.83,2.03,C,6345.3
76.96,23.7,764,7.54,6.87,2.31,B,4977.0
67.61,49.6,629,5.62,6.3,1.66,C,5634.4
75.92,35.2,859,11.89,6.65,2.15,A,8015.5
74.92,33.5,893,6.48,7.21,2.66,A,4996.8
77.9,28.1,917,9.33,7.21,1.71,C,6025.4
75.6,27.1,909,10.12,6.49,1.57,C,6547.6
70.13,31.4,761,6.89,6.57,2.05,C,5388.4
80.98,37.9,871,10.08,7.06,1.89,B,6581.9
74.21,64.5,675,9.53,5.75,2.32,C,7137.6
74.86,39.7,1104,11.46,6.34,1.77,C,7676.5
70.33,46.8,854,7.06,7.17,2.86,D,5625.1
72.78,49.0,827,5.43,6.99,1.36,A,4873.7
70.58,46.3,1138,6.99,6.68,2.63,B,5956.5
74.14,44.2,714,8.42,5.75,1.62,C,6024.8
83.56,33.0,731,8.12,6.48,1.1,D,5460.9
68.14,59.5,736,7.21,6.21,2.12,A,6120.5
66.93,63.1,890,4.18,6.67,1.87,B,5295.4
82.36,28.2,965,8.94,6.1,1.45,B,5239.2
73.95,34.8,1011,11.94,5.99,1.16,B,8445.7
71.65,42.2,1286,8.93,5.47,2.0,A,6295.0
80.2,35.4,563,9.22,7.11,2.49,A,5703.7
71.97,50.1,991,9.14,6.3,2.29,B,7143.1
84.13,37.7,816,8.79,6.58,2.03,B,5868.4
78.39,66.7,812,9.86,6.5,2.24,A,7302.3
72.56,56.9,807,8.79,5.97,1.99,B,6759.7
85.79,47.1,764,7.37,5.87,1.29,A,5736.3
71.97,55.3,1153,6.41,6.0,1.29,D,6302.8
78.71,56.1,1026,7.5,6.14,1.9,B,6031.1
76.5,39.4,903,8.63,6.68,1.92,C,6069.8
81.51,36.8,1103,7.37,6.1,2.43,B,5143.9
82.81,45.8,673,8.63,7.37,2.38,D,5276.8
75.16,53.6,700,8.88,7.01,2.3,B,6760.4
71.23,46.4,573,9.67,6.9,1.86,B,7193.8
77.3,29.2,795,10.57,6.44,1.31,B,6293.8
71.61,37.0,924,8.16,7.26,2.21,C,5856.7
85.07,44.3,915,5.38,6.39,2.26,B,4291.9
75.68,44.2,922,7.31,6.48,0.81,B,5786.3
73.17,64.7,688,8.09,6.58,1.58,A,6644.7
75.92,31.1,1020,4.33,6.85,1.65,C,4407.0
68.26,50.1,936,10.78,6.82,2.06,B,7359.9
70.14,59.9,1010,8.28,6.26,1.6,A,6638.4
81.0,67.7,616,8.76,6.23,1.98,B,6887.2
71.72,41.0,947,10.73,6.82,1.89,B,7010.5
69.77,49.9,722,6.74,6.86,1.92,C,5459.7
77.68,50.7,840,9.15,6.3,1.64,A,6363.4
80.93,47.0,980,7.78,5.71,1.68,B,5718.0
78.59,44.0,914,7.63,6.4,1.46,C,6161.3
79.98,49.4,772,6.46,6.81,2.19,C,5368.0
71.22,20.0,901,11.33,7.4,2.29,B,7074.9
67.89,51.8,670,7.25,5.9,1.61,C,6660.0
82.51,46.3,1073,9.4,6.29,2.76,B,6430.7
73.39,42.8,869,4.25,6.31,1.84,B,4388.3
73.75,65.5,1068,10.36,7.18,2.77,D,7297.8
81.64,38.3,821,10.1,6.48,1.68,D,6002.4
77.78,41.0,821,8.19,6.05,0.99,B,5928.5
77.28,64.9,785,7.55,6.78,2.2,A,6290.9
85.83,36.7,1031,8.8,6.3,2.12,B,5562.2
71.78,39.5,794,12.58,5.89,2.02,A,8384.4
79.64,43.5,997,4.47,6.05,1.68,A,4077.6
75.29,53.4,843,9.56,7.37,1.98,B,6790.6
76.34,47.1,604,6.18,6.69,1.74,D,4800.5
82.64,32.1,814,7.96,6.55,1.85,D,5222.9
77.54,39.7,723,7.5,6.38,2.42,B,5690.9
77.69,38.9,905,7.14,6.65,2.09,B,5247.3
80.36,44.2,721,7.98,6.64,2.3,A,5726.7
73.18,49.3,1039,5.73,6.65,1.88,A,5035.8
70.8,49.2,886,10.06,6.56,1.83,A,6688.4
69.78,27.2,873,4.41,6.93,1.42,C,4571.7
65.17,55.6,998,9.08,6.51,1.81,A,7851.8
85.28,47.5,1045,7.35,6.01,0.5,D,5167.9
69.48,58.8,897,5.66,6.19,1.7,C,6202.2
73.89,49.4,784,8.4,5.51,1.96,A,6536.2
73.62,56.0,634,4.89,7.51,2.28,A,4433.0
76.54,49.7,797,8.08,6.93,1.87,C,5628.3
79.08,58.5,807,5.15,6.08,2.17,D,5010.4
79.3,50.2,916,8.92,6.36,0.91,C,6265.5
72.08,44.0,848,6.15,6.18,1.97,B,5078.3
74.16,67.7,1003,7.1,7.27,1.16,B,5704.6
76.41,53.9,808,8.59,5.79,1.4,B,6307.6
73.76,50.7,891,6.45,6.56,1.91,D,5659.4
83.04,32.2,1078,7.88,6.45,2.64,C,5138.0
77.45,32.1,951,4.97,6.91,2.19,C,4083.2
78.67,47.9,891,9.26,6.45,2.01,B,6430.7
78.31,46.5,810,11.53,5.62,1.99,C,7725.2
80.87,38.9,805,13.58,6.37,1.64,B,7893.2
75.91,46.4,772,8.18,6.01,1.73,A,6121.4
68.52,60.9,819,9.58,6.54,2.21,B,7654.6
77.0,52.0,1013,4.44,7.22,1.31,D,4295.0
71.74,33.6,867,11.01,5.63,2.3,C,7187.5
72.36,43.9,698,9.55,6.1,1.81,A,6755.3
77.93,37.0,1165,7.03,6.22,2.41,D,4936.7
81.19,41.1,948,10.47,6.31,2.48,B,6400.1
75.11,40.9,689,7.49,6.87,1.16,A,5036.6
76.54,40.2,834,7.08,6.41,1.71,B,6033.3
83.51,32.4,917,8.95,6.71,1.57,B,5284.1
76.2,43.7,1156,5.87,6.19,1.09,B,5730.4
88.01,39.4,734,10.04,6.61,1.48,B,5908.5
77.83,20.0,1046,5.89,6.89,3.22,C,4364.5
66.2,65.5,1110,5.9,6.13,2.3,B,6144.5
78.77,55.9,806,6.18,6.89,2.96,C,5193.0
76.91,41.2,858,9.52,6.53,2.41,A,6544.3
81.45,45.2,745,6.77,7.02,1.63,C,5230.2
78.37,33.3,869,5.3,6.4,1.81,C,4697.3
74.31,62.0,895,6.79,6.69,2.29,C,5806.8
68.88,64.0,999,7.94,6.48,2.22,B,6678.8
73.95,46.6,1064,5.64,6.45,1.71,C,4755.0
70.75,55.2,788,5.7,6.63,1.25,A,5778.8
72.1,46.8,605,12.22,6.77,3.64,D,7959.6
77.94,31.6,897,6.28,5.88,1.93,A,5422.0
83.35,40.9,944,7.35,7.22,1.84,A,5115.9
76.97,46.3,937,7.27,5.57,2.06,B,5583.6
69.02,40.5,851,7.16,6.16,1.88,C,5474.7
77.22,42.8,919,9.24,6.45,2.06,A,6633.6
80.98,44.1,1127,9.9,6.71,2.64,D,5782.7
71.95,44.2,957,7.39,7.29,1.94,D,5680.8
74.33,45.5,844,5.53,5.57,1.42,C,5234.6
75.07,34.4,825,10.55,6.25,1.92,B,6778.0
71.08,37.8,875,7.81,5.44,1.77,C,6226.5
78.24,32.2,1146,11.46,6.52,2.71,B,6889.8
74.4,54.8,873,3.51,6.64,2.59,B,3673.4
77.1,23.9,897,8.39,7.3,2.05,D,5348.4
70.56,56.5,828,11.84,6.56,1.36,D,7463.1
72.81,58.9,1065,7.29,7.02,1.39,D,6409.7
78.61,42.0,1194,7.55,6.79,2.01,B,5365.5
73.14,20.0,968,8.59,6.28,2.17,A,5121.4
83.63,41.4,912,6.88,5.8,1.81,B,4867.4
73.0,44.4,906,7.38,6.64,1.76,B,5685.8
76.12,34.9,542,7.32,5.75,1.7,B,5879.2
79.66,39.8,1012,6.75,7.15,1.99,B,5047.5
67.91,60.3,920,10.46,6.42,0.81,C,8038.8
66.2,51.6,964,8.92,7.1,1.45,C,7371.1
67.37,35.8,793,8.5,6.26,1.69,C,6461.2
81.31,29.0,842,9.62,6.63,2.6,C,6001.1
72.24,41.7,838,7.47,6.6,1.59,A,6089.9
87.79,42.9,1053,6.45,6.48,2.09,A,4205.0
72.18,50.0,843,6.79,6.28,2.11,C,6278.7
75.92,39.6,1212,8.0,6.7,2.65,B,5349.5
82.71,50.1,965,5.88,6.04,2.63,B,5140.5
85.03,64.4,709,7.0,5.9,1.97,A,5117.2
85.31,53.2,881,6.97,7.12,1.76,B,5253.5
81.04,44.5,802,12.25,6.86,1.67,C,7829.6
80.12,43.2,571,3.0,6.53,1.88,D,3527.7
77.96,41.4,1140,7.64,7.33,1.78,D,5420.6
78.89,56.8,1005,11.45,6.37,2.28,B,7650.5
72.24,38.7,980,8.24,7.16,2.21,B,5874.9
70.91,45.5,925,9.51,6.59,2.3,C,7367.8
74.98,45.5,693,8.2,5.99,2.63,B,6154.4
74.15,40.0,827,6.67,7.42,2.93,B,5008.2
72.73,31.3,1026,3.52,7.0,2.06,D,3762.2
78.48,48.2,742,8.41,6.44,2.55,C,5686.9
79.78,44.4,520,6.45,6.86,1.82,D,4763.3
75.44,50.0,866,6.4,6.3,2.59,A,5332.4
82.39,39.7,879,7.0,6.91,2.53,B,4742.6
69.29,57.2,920,11.49,5.3,2.5,C,8043.9
74.03,36.2,1009,12.81,5.99,2.05,A,8516.6
71.42,62.1,996,8.43,6.99,1.67,C,6467.4
65.67,27.5,939,7.07,6.38,1.3,A,5902.7
74.59,49.3,1079,5.65,6.6,1.98,C,5391.6
74.39,49.8,672,8.94,5.83,2.77,C,6736.7
82.57,37.0,976,11.57,7.42,1.85,A,6606.7
78.15,49.2,994,7.51,7.1,2.39,B,5512.3
69.88,57.8,714,3.24,6.4,2.42,C,4805.1
84.27,22.8,675,9.34,6.3,1.86,C,5520.1
81.11,50.0,788,9.97,7.01,2.66,B,6283.9
77.91,20.1,801,4.83,7.49,0.55,D,3397.2
73.87,35.3,1013,8.35,6.98,1.39,B,5820.7
70.2,61.3,808,8.9,7.59,1.54,B,6527.3
73.14,39.2,772,7.85,6.04,1.59,A,5820.1
80.44,33.3,808,6.42,6.09,2.17,D,4809.0
84.42,43.0,1068,10.03,5.91,2.15,A,6448.5
82.72,65.7,902,7.19,6.72,2.2,B,6207.0
72.56,26.7,873,5.03,6.59,2.3,C,4291.6
69.4,34.5,883,3.9,6.42,1.52,A,4730.3
75.7,60.0,1094,10.52,6.9,1.39,B,7456.3
66.16,63.6,788,9.23,7.12,2.2,A,7716.6
76.62,44.0,1097,8.18,5.74,1.68,C,6349.0
74.26,32.6,932,7.12,6.2,1.21,B,5229.3
72.67,66.0,876,6.94,6.91,2.49,D,5593.3
67.03,60.9,1275,5.85,6.27,2.7,D,6166.9
77.57,51.8,742,7.14,6.1,2.78,C,5487.3
72.34,36.9,847,3.76,7.01,2.09,C,3849.7
69.15,44.5,715,6.53,5.86,2.31,B,5435.3
60.64,43.4,1043,7.38,6.35,2.68,B,6616.4
74.86,48.3,1153,9.22,6.66,1.68,C,7086.1
83.86,59.5,1150,7.92,6.21,2.56,D,5733.5
83.31,53.8,1084,9.59,6.89,2.14,B,6484.1
72.71,34.2,870,10.7,6.22,2.46,B,6926.7
71.99,58.8,845,10.12,7.2,2.09,B,6828.4
77.34,48.1,649,8.94,6.44,2.65,B,6437.1
70.01,51.9,1205,8.02,6.84,2.11,A,6140.1
76.51,59.7,970,6.04,6.87,1.26,B,5516.6
78.83,33.9,826,9.48,6.19,2.73,B,5962.2
81.13,44.6,1099,11.36,5.47,1.53,B,7532.3
74.5,39.7,754,8.68,6.68,2.63,B,5730.5
73.98,29.3,961,11.83,6.54,1.95,C,7334.7
70.61,48.5,874,4.95,6.78,2.59,D,4763.1
70.87,70.1,996,5.69,6.39,2.57,D,5789.4
73.87,26.6,890,9.71,6.28,2.22,B,5226.2
76.84,44.7,682,8.53,7.5,2.25,A,6456.0
79.57,51.4,911,10.63,5.76,2.21,D,7235.6
70.98,46.2,1057,7.97,6.87,0.99,C,6092.9
82.46,43.9,896,6.26,6.21,2.06,B,4547.8
73.64,32.0,1016,7.57,6.33,1.44,A,5554.6
74.89,47.3,743,4.93,6.34,2.09,A,5050.3
71.26,37.4,896,5.74,6.1,1.43,A,4706.2
62.88,23.1,806,9.94,6.79,1.41,A,6903.7
79.42,56.9,1012,9.75,7.2,2.8,D,7071.0
78.68,54.6,905,8.73,6.74,2.53,B,5874.2
73.59,45.5,1004,4.56,6.55,2.0,C,4760.1
75.33,47.3,1063,7.28,6.01,2.09,C,6538.5
77.58,55.7,1004,5.55,6.76,1.88,C,5309.9
67.19,47.2,941,10.35,7.58,2.28,D,7272.9
72.35,54.0,750,6.83,6.31,1.66,D,6116.7
78.97,42.0,900,5.83,6.31,2.5,B,4691.3
68.73,58.1,820,8.06,6.22,1.87,D,7175.8
76.47,48.2,848,6.72,6.26,1.79,C,5424.8
68.22,46.9,844,10.97,5.13,2.01,A,7321.9
77.33,32.3,753,6.53,6.7,1.7,C,4802.0
74.82,47.9,606,5.2,6.08,2.16,C,4687.4
66.92,36.7,800,3.69,5.69,1.73,D,4642.7
80.82,38.6,929,7.94,6.88,2.23,B,5300.7
71.33,36.8,698,6.88,5.96,2.61,B,5938.2
70.95,34.3,902,5.14,6.33,1.64,A,5117.3
76.0,66.2,1185,10.38,7.23,1.93,B,7423.3
80.74,58.3,1053,9.33,5.8,2.23,A,6674.7
69.92,64.2,1147,7.94,5.73,1.78,B,6674.0
75.31,32.8,959,10.73,6.63,2.23,C,6079.5
77.14,45.7,1075,9.33,7.07,2.28,A,6350.5
78.47,32.1,791,6.35,5.71,2.54,B,5135.4
75.88,38.0,803,5.92,6.7,1.7,A,4884.5
73.16,35.8,489,9.64,6.79,1.53,A,6286.4
70.86,57.4,1078,8.79,5.47,1.85,B,7276.5
75.43,41.0,1131,8.34,6.9,1.52,A,6005.6
69.64,55.7,817,6.31,6.94,2.28,B,6289.8
60.39,51.0,862,9.22,6.34,1.42,A,7970.3
77.18,68.0,787,6.49,7.13,3.17,A,5868.9
79.52,30.2,957,7.8,7.07,2.65,B,5342.7
63.19,57.6,1069,10.89,6.55,2.01,B,7822.0
69.95,56.5,639,6.68,6.27,2.43,A,6214.3
78.1,35.3,961,4.85,6.01,1.18,B,4621.8
85.29,55.1,858,5.89,6.48,3.26,C,4848.7
75.1,48.4,917,9.99,6.78,1.7,C,7002.0
71.36,42.7,969,8.51,6.34,1.94,A,6558.4
74.09,36.8,872,7.74,5.4,1.07,B,6867.9
81.87,37.8,884,6.98,7.13,2.24,C,4828.3
71.77,65.5,868,8.97,6.6,1.45,A,7410.3
71.0,45.0,1046,6.3,6.31,2.05,D,5486.3
72.59,52.8,963,8.61,6.93,1.73,D,6781.1
70.23,37.1,933,6.54,7.26,1.46,D,5698.1
75.61,37.2,709,6.2,5.1,1.6,C,5446.7
83.12,55.8,843,6.73,6.72,2.11,C,5712.8
76.62,31.5,1035,7.25,5.79,1.36,C,5238.8
73.74,40.8,906,7.9,6.75,1.63,C,5780.3
73.54,45.3,999,8.47,6.56,2.33,C,6327.0
67.18,46.1,1165,3.0,6.82,3.3,C,4625.3
79.42,43.2,1056,6.38,6.25,2.24,B,5160.2
74.61,49.0,914,7.22,5.56,1.54,B,6435.8
74.1,51.9,823,11.01,6.27,1.82,D,7286.0
90.0,52.3,517,5.84,6.7,2.02,A,3963.6
76.49,35.1,875,8.33,7.01,1.83,C,5802.5
71.24,42.2,851,10.99,5.91,2.45,D,7394.6
72.87,56.9,959,5.37,7.01,2.11,C,5442.2
80.74,53.9,877,8.79,6.18,2.45,D,6205.9
75.57,31.3,852,6.4,6.68,1.84,C,4853.8
67.81,48.5,633,6.99,6.25,2.66,A,6029.5
79.6,25.2,759,6.39,6.59,1.92,C,4562.7
71.66,45.5,971,6.54,6.95,1.51,B,5513.9
84.37,64.0,1157,13.44,5.89,3.09,B,8099.4
80.4,35.5,885,9.69,6.16,1.09,B,6154.8
72.76,36.7,949,10.2,6.59,1.63,B,7097.3
81.41,52.6,1043,8.98,7.7,1.69,B,6083.3
75.34,29.6,778,4.79,6.07,3.25,B,4927.5
79.26,38.7,955,8.79,7.52,2.9,C,5671.8
77.42,51.0,789,10.15,7.5,2.75,C,6404.4
70.77,38.7,1030,6.29,6.45,1.83,B,6271.0
71.78,42.6,923,9.93,6.35,3.21,A,6948.5
80.15,52.4,945,9.41,6.15,2.18,C,6802.3
73.33,49.2,783,11.7,6.47,2.49,C,7804.6
72.98,47.7,1006,7.16,5.8,2.09,D,6198.4
70.22,41.6,1213,5.8,6.46,1.98,A,5562.0
77.12,48.7,749,7.28,7.25,1.87,D,5183.2
85.31,43.8,849,10.87,6.19,1.9,B,6675.4
69.66,49.6,935,4.34,6.38,2.3,C,4580.1
75.12,40.0,1018,3.86,5.65,2.18,A,4341.8
82.06,43.2,816,8.18,6.69,1.98,B,5336.9
74.6,35.1,475,7.11,6.63,2.75,A,5347.7
77.26,44.6,1104,8.02,6.53,0.52,B,6149.7
69.69,36.9,1014,9.89,6.39,2.25,B,7040.6
77.14,33.9,639,6.89,6.35,2.36,C,5183.2
74.06,47.6,809,4.25,6.75,2.57,C,4319.6
79.93,47.1,1135,12.09,6.49,1.97,B,7372.9
80.94,52.8,1117,6.01,6.66,2.1,B,5324.4
87.95,40.7,1041,5.88,6.61,2.49,B,4550.8
77.9,49.1,874,10.21,7.06,2.75,D,6279.9
76.63,50.5,912,7.23,6.84,1.85,B,5227.9
75.97,49.4,880,7.87,6.6,2.13,B,5752.5
73.23,36.7,1069,8.97,7.26,2.84,A,6402.4
76.69,46.5,769,10.17,6.71,0.94,C,7210.0
73.52,48.6,779,7.33,7.15,1.65,B,5520.3
75.84,45.1,1052,11.04,6.8,2.73,A,7160.7
81.59,24.1,893,3.73,5.58,2.55,C,4058.0
69.97,46.6,1107,9.52,7.15,2.26,C,6964.3
80.7,67.1,799,6.32,6.57,1.78,C,5959.8
81.59,41.4,892,10.74,6.47,1.56,A,6964.9
74.41,37.7,762,8.28,6.64,1.7,B,5672.7
64.39,48.7,901,6.65,6.33,2.77,D,6096.9
71.96,48.1,678,9.33,6.61,1.69,D,6770.5
81.48,56.9,827,9.79,6.2,2.05,B,6699.4
74.89,32.4,685,9.28,7.14,1.62,A,6353.0
70.0,52.3,1004,5.94,6.44,2.42,B,5776.5
72.48,50.9,1007,7.03,6.31,1.73,B,5122.7
79.2,43.6,640,7.99,6.04,1.95,C,5365.6
77.73,48.4,1100,7.92,6.63,1.16,D,5333.7
73.81,55.3,1275,9.5,6.59,1.19,B,7123.3
73.17,53.7,907,3.97,6.69,2.0,A,4755.5
73.04,33.6,804,8.67,5.99,1.34,D,6339.0
70.39,53.2,1324,7.42,5.7,3.05,A,6106.7
83.08,44.4,702,6.32,6.81,0.97,D,5036.6
73.39,45.7,903,6.52,7.24,1.6,C,5633.0
81.09,45.7,927,7.57,5.99,2.01,D,5217.2
82.61,43.5,1102,3.0,7.29,1.82,A,2970.9
79.99,56.9,954,6.6,6.64,1.45,A,5480.0
72.84,44.2,825,6.25,6.5,1.52,B,5984.1
77.02,33.8,757,9.07,6.3,1.5,B,6600.9
74.88,41.1,849,6.39,5.81,1.86,B,5581.0
70.48,46.8,749,7.57,6.99,2.98,D,5703.1
76.62,57.3,907,11.08,6.11,2.04,C,7790.0
69.1,51.0,815,9.99,6.11,2.59,C,7171.1
80.94,36.5,676,9.8,7.0,2.25,A,5758.3
72.68,69.9,1088,7.0,5.56,2.56,C,5892.9
76.01,47.6,825,9.09,5.74,0.6,C,6753.4
76.42,57.8,710,7.53,6.49,1.85,B,5841.8
73.71,43.5,875,7.61,6.65,2.65,D,5817.1
77.93,50.3,910,8.82,6.74,1.71,A,5582.4
72.63,53.4,638,6.81,6.35,2.88,B,5820.4
79.36,57.2,950,10.99,7.77,2.74,A,6195.9
68.27,55.6,743,7.68,6.39,1.77,C,6886.2
75.63,53.7,1157,9.24,6.38,1.75,C,6936.0
84.69,41.8,979,10.91,6.1,1.49,B,6571.5
70.0,39.3,840,10.06,6.56,1.69,A,7163.4
71.61,48.3,788,5.18,6.81,1.38,A,4848.7
77.57,54.3,884,8.89,7.1,2.21,A,6316.8
75.9,42.8,992,9.7,5.76,1.27,B,7054.6
76.75,55.7,896,9.78,6.38,2.3,A,5945.0
77.45,59.5,867,5.77,6.72,2.31,B,5114.0
78.17,35.8,909,6.69,6.79,1.17,D,5079.2
80.55,36.6,809,9.99,6.5,2.77,B,6103.4
77.05,43.6,849,6.48,6.77,2.26,C,5584.5
73.79,48.1,587,7.4,6.1,2.37,A,5558.2
78.36,39.8,1046,11.15,7.28,1.62,B,6657.8
84.5,58.5,945,7.9,7.0,2.31,B,5038.7
74.34,49.2,784,6.55,5.83,2.56,A,6077.4
70.13,45.4,1185,6.24,5.96,1.95,A,5700.6
80.54,30.6,913,8.67,5.98,3.0,D,5455.8
74.4,31.8,745,5.33,6.84,2.02,D,4528.8
64.14,47.8,1029,7.51,5.86,2.57,A,6817.2
79.24,23.7,960,8.67,6.33,2.15,B,5618.8
72.32,55.1,959,10.6,6.73,2.29,D,8189.5
74.55,43.4,836,9.34,6.47,1.16,A,6740.3
76.66,77.4,968,6.57,6.63,2.19,C,5974.4
75.95,68.1,861,10.36,5.97,1.63,D,7434.6
78.55,43.2,983,7.4,6.8,1.58,D,5388.9
72.82,43.9,614,5.53,6.19,2.87,B,4586.9
77.57,55.0,835,7.66,6.34,1.89,A,6004.4
73.7,62.0,1158,10.88,6.62,1.5,A,7972.3
78.69,28.6,785,8.33,6.55,1.82,D,5306.7
78.08,27.1,809,8.03,6.51,1.35,D,5186.1
70.32,38.8,833,11.27,6.12,2.72,C,7884.6
80.43,50.8,718,5.14,6.35,1.65,C,4280.2
72.32,50.0,569,5.43,6.5,2.26,C,4548.3
79.04,55.7,865,4.77,5.81,2.68,C,4454.3
76.84,33.0,920,8.75,6.27,1.75,C,5506.2
84.19,21.8,892,8.33,6.69,2.27,C,5056.6
73.88,53.6,878,11.09,5.86,1.48,B,7587.4
73.25,36.7,906,8.49,7.08,3.22,A,5795.0
74.9,24.8,1053,7.19,7.13,2.47,C,5385.7
73.48,46.5,871,8.0,5.88,1.9,B,6054.7
79.0,52.9,814,8.24,7.18,1.61,B,6175.7
66.92,43.8,858,4.66,6.43,1.94,C,5587.0
69.73,40.4,987,13.42,6.71,1.83,C,8230.7
69.66,43.4,1112,9.04,6.25,2.98,D,6916.9
79.75,41.3,806,8.42,6.96,1.39,A,5672.9
83.55,31.5,915,9.23,6.7,2.07,C,5879.8
74.48,37.9,951,9.42,6.09,1.99,A,6046.2
74.16,50.2,751,7.72,5.92,1.94,D,5672.5
75.35,48.2,903,6.74,5.77,1.95,A,5594.1
80.81,46.7,680,9.2,6.59,1.94,C,5854.4
70.36,35.0,635,8.77,6.79,2.44,C,6034.0
76.19,43.2,955,6.38,6.83,2.3,B,5089.8
79.88,23.2,842,10.84,6.44,2.21,D,6498.7
77.51,46.8,930,8.59,5.92,0.5,D,6283.4
75.95,59.3,897,9.46,6.16,2.15,B,6694.7
80.01,30.3,754,10.78,7.08,1.17,A,6282.5
61.48,39.1,893,8.04,6.26,2.32,B,6471.0
78.39,48.3,715,8.63,6.57,2.74,B,5732.2
71.73,57.5,1109,9.62,5.96,1.54,D,6874.2
65.85,40.5,697,6.55,6.67,1.87,D,5821.8
77.56,38.1,871,8.11,6.27,1.7,A,5621.1
81.87,25.3,744,8.25,7.02,2.62,B,5293.3
74.31,46.0,986,6.09,6.89,2.05,B,4808.0
79.76,65.4,850,12.64,6.25,2.86,A,7874.4
83.06,47.8,822,5.19,6.44,2.21,B,4985.1
81.57,44.8,1028,5.4,6.22,2.12,B,4353.2
83.2,48.2,904,10.63,5.79,2.03,B,6713.4
78.71,44.9,977,9.43,6.07,2.41,C,6045.8
75.38,36.9,753,5.95,6.6,1.13,C,4591.4
66.99,53.2,689,9.21,6.66,2.04,A,7562.5
73.77,47.3,916,10.94,6.57,1.96,C,7352.7
70.78,45.2,852,7.94,6.35,2.36,C,6262.6
85.85,35.2,994,13.2,6.97,1.91,D,6614.9
74.12,58.0,888,4.55,6.53,1.48,B,5155.2
75.62,51.6,931,9.39,6.85,2.0,D,6972.0
77.76,39.5,656,10.33,5.61,1.46,D,7162.2
75.22,55.0,1183,9.78,5.0,1.04,B,7608.9
83.48,40.0,875,7.59,6.64,2.36,B,4800.1
71.89,37.2,1005,7.42,5.79,2.29,D,5992.3
75.97,37.4,775,8.89,6.39,2.23,C,6285.1
71.29,27.3,946,9.63,6.35,2.65,D,5873.5
68.4,49.7,705,9.2,7.29,1.67,C,6499.9
71.94,26.7,968,10.08,6.7,1.28,C,6874.4
74.81,32.7,847,5.96,6.58,1.96,A,5133.0
72.85,24.2,904,7.54,6.92,1.83,B,4902.7
71.54,44.1,1005,6.12,6.68,1.58,D,5703.9
67.97,43.5,715,7.23,6.27,1.96,B,6121.8
74.58,41.7,797,10.03,7.04,1.69,A,6897.6
67.48,34.6,969,8.22,5.95,1.08,C,6308.3
78.8,33.3,1215,13.21,6.66,1.78,C,7815.6
75.41,49.6,879,8.39,5.73,1.43,B,6711.7
67.71,39.5,989,8.12,6.6,2.12,B,6232.7
73.45,48.2,884,8.21,6.6,1.67,B,6277.4
71.24,36.1,1191,6.72,7.34,2.56,A,5139.6
76.6,46.8,638,7.88,5.72,2.8,C,6427.6
81.7,58.0,914,10.26,6.2,2.34,B,6823.8
65.62,50.9,656,8.23,6.91,1.22,D,6475.2
75.58,40.9,524,6.41,6.67,2.75,C,4833.9
74.2,47.6,945,6.15,6.59,2.79,C,5327.4
78.36,42.6,921,7.1,6.02,2.01,B,5708.1
76.07,45.1,857,8.15,6.2,2.66,B,5585.7
71.24,41.7,884,10.39,7.12,1.72,B,7558.2
73.4,43.4,1365,5.32,6.47,1.07,B,5271.3
71.02,47.1,861,7.36,6.69,1.62,C,6173.6
80.38,35.1,977,8.29,6.44,2.86,B,5460.5
75.11,34.8,803,4.33,5.91,1.25,C,4456.8
84.51,31.1,944,6.33,6.97,2.0,A,4291.6
74.7,29.0,864,6.64,6.75,2.02,A,5325.4
71.46,32.8,838,6.41,7.65,1.74,D,5056.8
67.43,46.6,1173,8.38,5.99,1.78,B,7060.9
65.98,36.1,1077,7.68,6.91,2.04,B,6013.6
67.08,50.1,921,6.89,5.84,1.72,B,6386.5
76.34,45.3,554,8.86,6.58,1.29,A,6021.0
77.54,25.3,846,11.45,6.99,2.11,C,6984.4
67.09,51.5,1305,11.28,5.46,2.54,A,7939.0
79.48,53.1,865,4.15,6.4,2.43,B,4273.6
72.58,35.1,1065,9.15,6.22,1.6,B,6398.5
75.73,49.2,1116,7.64,6.15,1.37,D,5993.4
83.06,36.4,933,8.31,6.69,1.86,B,5630.3
79.48,46.0,774,7.2,7.06,2.78,A,5131.0
73.66,32.4,535,8.24,6.43,2.32,B,6189.7
70.54,27.1,1003,8.3,6.6,2.35,A,5664.4
64.24,41.2,778,6.84,6.56,2.44,A,6062.1
71.4,43.8,926,6.21,6.5,2.21,A,5224.0
73.94,41.0,713,7.1,5.96,2.06,B,5801.7
70.06,33.2,860,8.47,7.05,2.33,A,6035.9
74.34,41.0,905,9.2,6.65,1.73,B,6375.9
75.38,47.7,940,9.71,6.7,1.29,D,7127.8
73.88,44.6,733,7.01,6.1,2.36,C,5480.6
71.75,46.8,1080,8.57,6.27,2.62,A,6668.6
75.84,38.3,810,9.93,6.41,1.44,A,6381.8
77.21,56.7,649,10.33,5.73,2.41,C,7193.7
69.55,33.2,884,7.88,5.66,2.84,D,5713.8
82.05,49.9,905,7.56,6.2,2.0,A,5389.3
74.51,56.8,924,8.38,6.76,1.59,C,6451.8
75.09,49.8,1104,5.7,6.17,2.06,B,5844.2
78.54,43.0,865,7.61,5.99,1.72,B,5739.6
76.17,39.7,882,9.49,6.09,1.69,D,7003.7
79.77,55.4,735,9.28,6.27,2.22,C,6548.5
76.44,30.8,1023,7.46,6.32,1.2,D,5371.0
71.94,35.3,928,8.44,7.58,1.28,B,6443.4
76.81,41.0,837,6.35,7.03,2.01,B,5149.5
69.28,57.4,614,9.41,7.01,1.99,C,6869.0
75.54,48.8,1117,7.84,7.08,2.17,B,6055.6
74.83,35.3,716,7.45,6.0,2.94,B,5433.7
73.96,41.9,811,7.28,5.89,2.05,A,5203.0
74.36,38.9,954,7.87,5.95,2.3,A,6212.0
65.59,37.9,721,7.1,7.17,1.51,B,6241.7
72.26,54.8,676,9.32,6.23,2.38,C,7463.8
75.46,31.3,581,7.21,5.87,1.74,D,5532.4
75.8,61.1,1008,11.19,6.28,2.04,B,7620.2
69.86,53.3,818,10.93,6.38,1.95,C,7956.0
81.33,55.9,1339,6.22,6.63,2.52,A,5449.0
70.67,40.4,751,8.14,6.63,1.35,D,6706.9
79.85,43.5,762,6.7,6.09,0.86,B,5312.1
77.14,30.7,815,7.35,6.84,1.89,C,5132.7
71.77,39.8,936,12.0,6.18,2.23,C,7502.8
83.88,49.9,829,7.38,6.42,2.08,B,5504.9
69.03,58.0,992,8.72,6.84,2.62,B,6398.9
79.6,33.9,753,9.08,6.18,2.22,D,6131.3
80.0,41.3,693,6.0,6.22,1.72,A,5033.0
71.65,43.5,630,6.29,6.8,0.84,C,5663.0
81.96,31.0,566,5.59,6.07,1.88,D,4345.9
73.75,50.9,822,6.23,6.31,2.51,B,5950.5
76.44,37.8,855,3.0,6.78,1.8,D,3954.0
76.3,43.0,805,9.09,7.53,2.01,D,5905.8
74.33,40.5,1087,12.11,6.8,2.21,C,7354.6
79.05,37.1,1084,8.3,6.74,1.49,A,5459.1
78.97,44.9,850,5.17,6.77,2.31,B,4703.3
66.26,42.8,631,6.71,5.96,2.82,A,5633.0
81.52,41.3,815,7.08,6.56,1.91,C,5458.7
66.69,37.7,810,5.96,6.49,1.44,C,5945.9
80.16,48.2,801,9.72,6.66,1.97,C,6151.0
80.63,61.5,795,9.62,6.56,0.89,B,6751.6
69.55,46.4,802,5.69,6.69,2.17,A,5373.5
72.95,55.0,842,9.45,6.34,2.23,C,7219.5
69.47,31.1,805,11.05,6.53,2.84,C,7584.7
73.93,46.6,931,11.81,5.89,1.9,D,7264.0
73.46,34.0,954,13.73,6.34,2.2,C,8042.2
78.9,30.2,763,6.2,7.2,1.57,C,4477.1
81.55,37.6,1091,13.65,6.66,1.82,C,7290.3
81.98,56.9,753,7.29,6.49,1.24,C,5504.3
72.19,54.5,657,6.82,7.45,1.9,B,5837.1
73.95,47.4,957,8.65,5.82,1.85,D,6469.3
66.58,29.7,777,6.84,5.95,2.15,C,5269.3
70.97,43.0,948,8.8,7.36,1.69,B,7248.7
79.82,48.0,539,5.36,6.52,2.04,A,4733.9
83.08,46.8,1109,7.52,6.38,1.83,B,5489.4
68.83,26.6,1001,10.57,5.9,1.83,B,6770.1
72.04,36.1,675,7.89,6.72,2.04,B,5898.9
74.87,44.4,678,8.28,6.77,2.02,A,5960.1
76.4,50.4,1151,8.95,5.95,2.38,B,5990.2
70.95,23.0,789,10.34,6.43,1.94,A,6312.2
77.12,43.4,775,4.69,6.33,1.83,C,4777.6
72.63,46.4,560,9.17,6.63,1.91,B,7149.2
74.93,53.5,847,7.46,5.94,1.64,B,6254.5
77.73,51.9,866,8.33,7.13,1.82,A,6364.5
75.03,50.8,1007,10.12,6.96,3.02,B,6778.3
72.82,37.0,690,5.61,6.32,1.54,B,4994.6
74.45,25.9,672,5.97,6.39,1.86,C,5068.0
74.56,41.1,968,4.13,6.43,1.81,C,4930.3
73.15,55.0,1051,6.9,6.11,1.88,A,6437.8
73.71,58.9,664,10.66,6.28,1.83,C,7189.2
82.99,52.1,1062,7.76,6.36,2.14,A,5632.0
77.8,49.3,906,5.32,7.31,1.14,D,4880.6
73.52,48.8,1064,7.03,6.97,2.52,D,5608.3
78.48,39.4,889,5.02,6.97,2.32,B,4455.8
73.33,43.7,522,5.75,6.68,1.38,C,5368.1
80.87,61.7,877,8.78,5.94,0.87,C,6902.9
76.85,35.6,1059,5.65,6.48,1.51,C,5309.9
74.46,61.1,766,10.23,6.99,1.88,C,7120.4
77.24,41.8,842,7.86,5.87,3.29,D,5309.2
67.15,58.3,874,8.17,6.82,2.27,B,6887.5
69.37,30.9,465,7.44,7.66,1.1,C,6104.9
69.03,50.9,1151,9.55,7.03,1.66,C,6963.3
75.71,37.6,765,9.57,7.21,1.97,C,6444.7
83.66,30.8,976,8.67,6.61,2.13,C,5588.8
86.16,47.2,887,9.13,6.98,1.34,A,5865.9
78.19,55.1,1089,7.58,6.14,1.93,B,6014.6
77.5,36.6,961,9.08,6.9,1.64,A,5768.7
65.99,30.0,865,7.32,6.83,1.45,B,5198.5
72.29,44.1,766,8.0,6.64,2.13,B,5744.3
71.06,44.1,1020,7.45,7.16,2.39,D,5736.3
71.9,50.5,619,7.09,6.23,2.42,C,6247.4
74.16,54.5,997,6.62,6.41,2.29,C,5720.0
72.64,44.4,735,8.94,6.55,1.75,B,6332.6
65.1,63.6,1088,10.62,5.99,2.36,C,7948.7
78.74,47.2,924,10.34,6.61,2.15,C,6937.3
69.64,41.5,997,5.49,5.64,2.07,C,5827.0
76.2,28.9,912,10.58,7.02,1.69,B,6809.1
85.37,42.4,637,7.36,6.52,1.75,B,5212.0
70.4,41.6,771,9.2,6.24,2.04,C,6257.2
62.35,54.6,1001,6.19,6.08,3.22,B,6155.3
73.57,49.6,925,8.28,6.38,2.15,D,6917.6
80.5,33.2,1077,8.63,6.84,1.69,D,5964.6
84.79,46.7,960,5.03,6.77,1.58,D,3810.6
68.85,51.7,755,9.22,6.15,1.75,C,7077.8
77.48,60.3,781,10.69,6.08,3.09,D,7375.5
72.67,53.9,915,7.65,6.83,1.8,C,5955.5
74.47,52.6,553,10.72,6.14,2.45,B,6579.8
88.22,45.6,1151,7.62,6.53,1.81,B,5167.6
67.49,48.9,966,9.7,6.56,2.13,A,6984.1
76.27,57.5,1084,3.56,6.66,2.4,A,4197.3
77.34,31.7,663,12.84,6.93,1.71,A,7255.5
80.43,41.5,1087,10.99,5.87,1.68,A,6943.9
75.49,37.3,1235,7.43,5.54,2.83,C,5727.2
76.54,48.8,702,4.06,6.22,2.49,B,4132.4
73.04,57.3,1016,8.58,7.4,2.4,B,6397.9
76.35,39.0,900,5.11,7.51,2.39,C,3851.1
73.28,21.1,668,8.89,7.42,2.23,C,5707.1
78.11,40.9,974,8.82,6.4,3.01,D,5121.0
73.15,54.1,1025,6.12,5.61,2.02,C,5705.3
76.89,50.4,810,10.24,5.33,2.29,B,7386.2
74.85,49.3,1075,9.61,6.19,1.27,B,6616.4
80.63,42.2,650,9.95,6.4,1.59,A,6603.8
74.74,32.2,676,8.02,7.15,1.4,A,5939.6
66.13,50.2,920,5.17,6.93,2.64,B,4394.6
81.31,36.7,904,9.96,6.61,0.72,D,6260.4
70.47,66.8,793,7.46,6.06,1.8,A,5831.3
71.73,50.7,1021,5.22,6.02,0.5,A,5466.5
72.02,39.2,980,10.7,6.63,1.58,A,7150.1
81.87,38.9,1029,12.2,6.85,1.75,C,6355.2
64.32,44.1,882,7.92,6.7,2.69,B,7054.8
90.0,42.6,990,12.32,5.98,2.2,B,6959.9
80.28,56.2,833,8.18,6.83,1.58,A,5749.0
76.12,46.9,1208,7.24,6.71,2.53,B,6085.6
74.73,37.7,778,6.74,5.96,2.01,A,4877.3
76.43,63.9,1216,11.27,6.11,2.02,B,7472.6
77.61,45.5,905,6.44,6.84,1.4,A,4539.4
78.23,52.7,694,9.47,6.38,1.5,C,7163.9
77.78,38.9,1105,6.88,7.29,1.59,B,5262.0
75.45,48.6,919,7.08,6.75,2.02,C,5849.8
74.01,48.1,1028,10.06,6.26,2.04,B,7126.8
74.24,26.1,1084,7.24,6.49,2.77,B,5406.6
74.03,65.2,951,7.19,6.53,2.19,A,6251.4
80.67,57.9,811,10.27,6.14,0.65,B,7165.5
77.97,41.0,1046,11.19,6.04,2.13,B,7145.2
60.3,34.0,900,9.29,6.85,1.27,B,6947.1
78.28,48.5,1003,6.69,6.92,1.52,C,5341.7
75.97,45.9,577,6.98,6.8,1.59,C,5557.5
74.91,48.6,967,8.16,7.26,1.67,C,6091.7
73.06,46.9,804,8.64,6.23,1.31,A,6086.6
80.62,50.1,1148,6.02,7.34,2.1,C,4472.5
79.74,59.5,993,9.45,6.05,1.29,A,7165.2
71.14,50.7,936,8.17,5.99,2.18,C,6445.8
77.04,34.5,973,4.57,5.62,3.12,B,4502.1
70.14,58.6,750,6.14,6.28,1.34,A,5647.5
68.1,61.4,1143,6.99,6.25,1.86,D,6097.1
71.87,76.5,1199,7.85,6.76,0.74,C,6803.0
79.31,33.8,959,11.78,6.62,1.85,B,6912.5
79.77,47.4,1139,8.48,5.9,2.32,A,5905.7
77.57,24.2,815,6.32,6.3,2.36,B,5032.3
78.63,50.5,780,8.44,6.31,2.04,D,6165.5
77.58,39.5,906,7.3,5.61,2.44,B,6120.5
71.79,64.2,965,8.65,6.01,3.27,D,7043.3
77.16,37.3,841,9.16,6.11,2.86,A,5402.1
79.0,28.1,981,10.42,7.22,1.74,B,6525.7
78.77,40.3,946,7.95,6.6,1.27,C,5251.2
80.94,25.2,750,11.28,6.83,1.8,B,6458.9
78.54,52.5,978,9.82,5.75,1.53,A,6687.1
76.76,24.3,1030,6.59,7.1,2.23,B,5344.1
80.35,45.3,926,12.42,7.15,1.41,C,7824.9
74.87,24.2,1073,8.65,5.5,1.96,C,5770.6
70.59,41.8,717,6.33,6.15,2.42,C,5475.3
74.18,61.4,970,11.31,6.75,1.95,C,7830.0
71.28,48.6,724,12.16,6.82,1.53,C,8187.6
